pmid	yearCreated	yearPublished	pmidRetraction	yearRetracted	retractionType
21355427	2011	2010	21542215	2011	RetractionIn
21323727	2011	2011	21521365	2011	RetractionIn
21297532	2011	2011	21336080	2011	RetractionIn
21291296	2011	2011	21591868	2011	RetractionIn
21225599	2011	2011	21374897	2011	RetractionIn
21176917	2011	2011	21520509	2011	RetractionIn
21166349	2010		21608297	2011	RetractionIn
21106792	2011	2011	21525233	2011	RetractionIn
21078266	2010	2010	21563601	2011	RetractionIn
21070227	2011	2010	21462432	2011	RetractionIn
21064188	2011	2010	20027667	2011	RetractionIn
21063496	2010	2010	21475563	2011	RetractionIn
21063492	2010	2010	21475564	2011	RetractionIn
21039783	2010	2010	21218607	2011	RetractionIn
20954671	2010	2010	21323223	2011	RetractionIn
20942877	2010	2010	21314668	2011	RetractionIn
20924196	2011	2010	21196765	2010	RetractionIn
20883167	2010	2010	21319981	2011	RetractionIn
20879978	2010	2010	21319393	2011	RetractionIn
20879957	2010	2010	21126155	2010	RetractionIn
20861846	2010		21552282	2011	RetractionIn
20846133	2010	2010	21108618	2010	RetractionIn
20845913	2010	2010	21110522	2010	RetractionIn
20843327	2010	2010	21176130	2010	RetractionIn
20842514	2010	2010	21107626	2011	RetractionIn
20840810	2010	2010	21081045	2010	RetractionIn
20830559	2010	2010	21409849	2010	RetractionIn
20826636	2010	2010	21372330	2011	RetractionIn
20803348	2010	2010	21104109	2010	RetractionIn
20724916	2010	2010	21282984	2011	RetractionIn
20697107	2010	2010	21135394	2010	RetractionIn
20683741	2010	2010	21110211	2011	RetractionIn
20665787	2010	2010	21337416	2011	RetractionIn
20663162	2010	2010	20707907	2010	RetractionIn
20659467	2010	2010	21265052	2011	RetractionIn
20656892	2010	2010	21368022	2011	RetractionIn
20633622	2010	2010	21516631	2011	RetractionIn
20610538	2010	2010	21270322	2011	RetractionIn
20609054	2010	2010	20857609	2010	RetractionIn
20588141	2010		21192212	2011	RetractionIn
20574642	2010	2010	21442226	2011	RetractionIn
20553821	2010	2010	21682001	2011	RetractionIn
20547538	2010	2011	21474470	2011	RetractionIn
20546843	2010	2010	21462431	2011	RetractionIn
20513558	2010	2010	21702215	2011	RetractionIn
20502687	2010	2010	21151944	2010	RetractionIn
20489582	2010	2010	20966679	2010	RetractionIn
20485002	2010	2010	21471772	2011	RetractionIn
20477499	2010	2009	21473732	2011	RetractionIn
20462659	2010	2010	20964248	2010	RetractionIn
20455114	2010	2010	20686986	2010	RetractionIn
20451373	2010	2010	21465684	2011	RetractionIn
20442581	2010	2010	21124097	2011	RetractionIn
20427961	2010	2010	20527365	2010	RetractionIn
20420460	2010	2009	20420465	2010	RetractionIn
20418299	2010	2010	20664094	2010	RetractionIn
20414325	2010	2010	20953214	2010	RetractionIn
20357676	2010	2010	20697229	2010	RetractionIn
20402872	2010	2010	21182616	2010	RetractionIn
20375226	2010	2010	21411680	2011	RetractionIn
20351245	2010	2010	20616067	2010	RetractionIn
20306608	2010	2010	21361056	2010	RetractionIn
20302847	2010	2010	20799414	2010	PartialRetractionIn
20234302	2010	2010	21273842	2011	RetractionIn
20213454	2010	2010	20661760	2010	RetractionIn
20200778	2010	2010	21298245	2011	RetractionIn
20122184	2010	2010	20482900	2010	RetractionIn
20188284	2010		20188287	2010	RetractionIn
20169619	2010	2010	20432382	2010	RetractionIn
20136543	2010	2010	21303290	2011	RetractionIn
20130482	2010	2010	20921858	2010	RetractionIn
20112019	2010	2010	21318428	2011	RetractionIn
20110993	2010	2010	20944751	2010	RetractionIn
20103540	2010	2010	21106975	2010	RetractionIn
20102336	2010	2010	21348858	2011	RetractionIn
20091744	2010	2010	20380034	2010	RetractionIn
20082444	2010	2010	20641129	2010	RetractionIn
20075728	2010	2010	20592535	2010	RetractionIn
20071663	2010	2010	20574045	2010	RetractionIn
20071605	2010	2010	20921193	2010	RetractionIn
20069325	2010	2010	21120561	2011	RetractionIn
20061557	2010	2010	20574044	2010	RetractionIn
20039489	2009	2009	20043360	2009	RetractionIn
20035226	2010	2010	21389808	2011	RetractionIn
20005630	2010	2010	20737669	2010	RetractionIn
20004514	2010	2010	20737670	2010	RetractionIn
20002437	2011	2009	21355989	2011	RetractionIn
20002225	2010	2010	20936755	2010	RetractionIn
19966658	2009		20305530	2010	RetractionIn
19965658	2010	2009	20220115	2010	RetractionIn
19951606	2009	2009	21542982	2011	RetractionIn
19945381	2009	2009	21029867	2010	RetractionIn
19942059	2009	2010	20626113	2010	RetractionIn
19941472	2010	2010	20726063	2010	RetractionIn
19938021	2010	2010	21170951	2010	RetractionIn
19933356	2010	2010	21527641	2011	RetractionIn
19923501	2009	2009	21106980	2010	RetractionIn
19916619	2009	2009	20515117	2010	RetractionIn
19915821	2010	2010	21052979	2010	RetractionIn
19908618	2009	2009	20460011	2010	RetractionIn
19895380	2009	2009	20158675	2010	RetractionIn
19891753	2010	2009	20377824	2010	RetractionIn
19882364	2010	2010	21104110	2010	RetractionIn
19878337	2010	2009	21046708	2010	RetractionIn
19863197	2009	2009	20001573	2010	RetractionIn
19843519	2009	2009	20617571	2010	RetractionIn
19824623	2010	2009	20000553	2009	RetractionIn
19817692	2009	2009	21166649	2010	RetractionIn
19815770	2009	2009	21071648	2010	RetractionIn
19810061	2011	2009	21170950	2010	RetractionIn
19797727	2010	2010	20139396	2010	RetractionIn
19794843	2009	2009	19816134	2009	RetractionIn
19782726	2009	2009	20626085	2010	RetractionIn
19781102	2009	2009	19828028	2009	RetractionIn
19765096	2009	2009	21526572	2011	RetractionIn
19762904	2009	2009	20682723	2010	RetractionIn
19757704	2009	2009	20535878	2010	RetractionIn
19757023	2010	2010	20628899	2010	RetractionIn
19734285	2010	2010	20068240	2010	RetractionIn
19725757	2010	2009	19916875	2009	RetractionIn
19720939	2009	2009	20194873	2010	RetractionIn
19694877	2009	2009	19821879	2009	RetractionIn
19686832	2009		20891035	2010	RetractionIn
19684320	2010	2010	20068241	2010	RetractionIn
19678640	2009	2009	20961083	2010	RetractionIn
19665971	2009	2009	21074053	2010	RetractionIn
19664125	2009	2009	20402681	2010	RetractionIn
19661499	2010	2010	20068237	2010	RetractionIn
19660498	2009	2009	21500420	2011	RetractionIn
19655975	2009	2009	19791980	2009	RetractionIn
19648113	2009	2009	20617572	2010	RetractionIn
19643896	2010	2010	20068238	2010	RetractionIn
19635619	2009	2009	21553729	2011	RetractionIn
19633587	2009	2009	19915439	2009	RetractionIn
19632515	2009	2009	20684042	2010	RetractionIn
19607689	2009	2009	19818140	2009	RetractionIn
19606044	2009	2009	21540658	2011	RetractionIn
19602735	2009		21287778	2011	RetractionIn
19579217	2009	2009	21225991	2011	RetractionIn
19566363	2009	2009	20217965	2010	RetractionIn
19562870	2009	2008	21180206	2010	RetractionIn
19557557	2010	2009	19842787	2009	RetractionIn
19538383	2009	2009	19703005	2009	RetractionIn
19533144	2009	2009	19774385	2009	RetractionIn
19524249	2009	2009	21553730	2011	RetractionIn
19514790	2009	2009	20973504	2010	RetractionIn
19504437	2009	2009	19806586	2009	RetractionIn
19490015	2009	2009	21089224	2010	RetractionIn
19486219	2010	2009	19740305	2009	RetractionIn
19484686	2009	2009	19718576	2009	RetractionIn
19481479	2009		20506583	2010	PartialRetractionIn
19477244	2009	2009	19941939	2010	RetractionIn
19471880	2009	2009	19557376	2009	RetractionIn
19466811	2009	2009	20420464	2010	RetractionIn
19458470	2009	2009	20052812	2009	RetractionIn
19455077	2009	2009	19859027	2009	PartialRetractionIn
19450708	2010	2010	21174368	2010	RetractionIn
19448401	2009	2009	21430443	2011	RetractionIn
19448213	2009	2009	21106973	2010	RetractionIn
19420896	2009	2009	20458779	2009	RetractionIn
19420794	2009	2009	20086311	2010	RetractionIn
19417521	2009	2009	19422168	2009	RetractionIn
19413639	2009	2009	19817897	2009	RetractionIn
19406812	2009	2009	20068239	2010	RetractionIn
19403381	2009	2009	19967830	2009	RetractionIn
19400612	2009	2009	20217965	2010	RetractionIn
19400611	2009	2009	20217965	2010	RetractionIn
19399172	2009	2009	20221242	2010	RetractionIn
19387376	2009	2009	19662678	2009	RetractionIn
19381036	2009	2009	19891088	2009	RetractionIn
19379691	2009	2009	20873370	2010	RetractionIn
19367671	2009	2009	19670213	2009	RetractionIn
19359525	2009	2009	19940110	2009	RetractionIn
19352700	2009	2009	20112029	2010	RetractionIn
19334954	2009	2009	20192529	2010	RetractionIn
19321219	2009	2009	20615571	2010	RetractionIn
19309363	2009	2009	21265955	2011	RetractionIn
19306990	2009	2009	20050156	2010	RetractionIn
19300490	2009	2009	20020059	2009	RetractionIn
19298132	2009	2009	20235840	2010	RetractionIn
19293376	2009	2009	19357308	2009	RetractionIn
19290641	2011	2009	21314200	2009	RetractionIn
19289130	2009	2009	21077284	2010	RetractionIn
19288944	2009	2009	19449482	2009	RetractionIn
19285023	2009	2009	19725173	2009	RetractionIn
19276379	2009	2009	21045160	2010	RetractionIn
19271734	2009	2009	19827838	2009	RetractionIn
19265329	2009	2009	19421013	2009	RetractionIn
19261910	2009	2009	19948690	2009	RetractionIn
19257009	2009	2009	20373548	2010	RetractionIn
19256084	2009	2009	20082963	2010	RetractionIn
19254718	2009	2009	19760805	2009	RetractionIn
19253806	2009	2009	20198755	2010	RetractionIn
19251238	2009	2009	20452852	2010	RetractionIn
20976990	2010	2009	19678438	2009	RetractionIn
19215781	2009	2009	21360846	2011	RetractionIn
19237581	2009	2009	21127265	2010	RetractionIn
19236848	2009	2009	19725178	2009	RetractionIn
19229901	2009	2009	19472291	2009	RetractionIn
19182675	2009	2009	19337121	2009	RetractionIn
19203584	2009	2009	21458674	2011	RetractionIn
19199800	2010	2009	21520973	2011	RetractionIn
19196658	2009	2009	20383878	2010	RetractionIn
19193721	2009	2009	19643742	2009	RetractionIn
19183482	2009	2009	19374743	2009	RetractionIn
19181022	2009	2008	19678437	2009	RetractionIn
19179414	2009	2009	21177935	2011	RetractionIn
19164130	2009	2009	21357248	2011	RetractionIn
19153932	2009	2009	19890759	2010	RetractionIn
19152534	2009	2009	19878481	2009	RetractionIn
19151303	2009	2009	21451085	2011	RetractionIn
19151195	2009	2009	21123753	2010	RetractionIn
19142922	2009	2009	21125570	2010	RetractionIn
19139573	2009	2009	19609040	2009	RetractionIn
19136170	2009	2009	19344963	2009	RetractionIn
19128265	2009		20862807	2010	RetractionIn
19127202	2009	2009	19465845	2009	RetractionIn
19122277	2009	2009	19517630	2009	RetractionIn
19121620	2009	2009	19725179	2009	RetractionIn
19118527	2009	2009	21328799	2011	RetractionIn
19117302	2009	2009	19459165	2009	RetractionIn
19117294	2009	2009	19459165	2009	RetractionIn
19116866	2008	2009	20183618	2009	RetractionIn
19115107	2009	2009	19475506	2009	RetractionIn
19110737	2008	2008	19274879	2009	RetractionIn
19101586	2009	2009	20510735	2010	RetractionIn
19100512	2008	2009	19489159	2009	RetractionIn
19099434	2009	2009	20578759	2010	RetractionIn
19090072	2008	2008	19496286	2009	RetractionIn
19086961	2008	2008	19262535	2009	RetractionIn
19055698	2008	2008	19874555	2009	RetractionIn
18686939	2008	2008	19637404	2009	RetractionIn
19043384	2008	2008	19734840	2009	RetractionIn
19040206	2009	2009	19382283	2009	RetractionIn
19036880	2009	2009	20503521	2010	RetractionIn
19032896	2008	2008	19486588	2009	RetractionIn
19029826	2009	2009	19838083	2009	RetractionIn
19024117	2008	2008	19195270	2009	RetractionIn
19023854	2008	2008	19946835	2009	RetractionIn
19023421	2008	2008	20305807	2010	RetractionIn
19021990	2008	2008	19623768	2009	RetractionIn
19017976	2008	2008	20483797	2010	RetractionIn
18974775	2009	2009	20865014	2010	RetractionIn
18969990	2008	2005	19368042	2009	RetractionIn
18950327	2008	2008	19076528	2009	RetractionIn
18947353	2008	2008	21454725	2011	RetractionIn
18946316	2008	2008	20177373	2010	RetractionIn
18942003	2008	2008	19929303	2009	RetractionIn
18931204	2008	2008	21451087	2011	RetractionIn
18922744	2008	2008	19309790	2009	RetractionIn
18922037	2009	2008	20184346	2010	RetractionIn
18854833	2008	2008	21206499	2011	RetractionIn
18846795	2008	2008	19031650	2008	RetractionIn
18845673	2008	2008	20135772	2010	RetractionIn
18832301	2008	2008	21368319	2011	RetractionIn
18828704	2008	2008	19341349	2009	RetractionIn
18824687	2008	2008	19380733	2009	RetractionIn
18821210	2008		19116816	2009	RetractionIn
18819028	2008	2008	19058046	2009	RetractionIn
18812551	2008	2008	20176752	2010	RetractionIn
18806057	2008	2008	21106972	2010	RetractionIn
18802478	2008	2008	19043845	2008	RetractionIn
18790478	2008	2009	19645121	2009	RetractionIn
18788947	2008	2008	19115940	2008	RetractionIn
18783367	2008	2008	20128857	2009	PartialRetractionIn
18771528	2008	2008	21265954	2011	RetractionIn
18765339	2008	2009	19129144	2009	RetractionIn
18758063	2008	2008	19522041	2009	RetractionIn
18729258	2008	2008	19391126	2009	RetractionIn
18718126	2008	2008	19406009	2009	RetractionIn
18717013	2008	2008	18618946	2008	RetractionIn
18716186	2008	2008	19022988	2008	RetractionIn
18713984	2008	2008	20483796	2010	RetractionIn
18704087	2008	2008	20376151	2010	RetractionIn
18704014	2008	2008	19365234	2009	RetractionIn
18698377	2008	2008	19192491	2008	RetractionIn
18694522	2008	2008	19607687	2009	RetractionIn
18693175	2008	2008	19670505	2009	RetractionIn
18692991	2008	2008	19866515	2009	RetractionIn
18692561	2008		20891034	2010	RetractionIn
18688676	2009	2009	20217143	2010	RetractionIn
18688632	2009	2009	20872267	2010	RetractionIn
18688044	2008	2008	19745169	2009	RetractionIn
18681910	2010	2009	20589983	2009	RetractionIn
18669965	2008	2008	19258600	2009	RetractionIn
20646134	2010	2008	20646167	2010	RetractionIn
18664249	2008	2008	18694506	2008	RetractionIn
18662363	2008		19400820	2009	RetractionIn
18654872	2008		21322769	2011	RetractionIn
18654017	2008	2008	18948672	2008	RetractionIn
18652090	2008	2008	20213963	2010	RetractionIn
18644686	2009	2009	20632463	2010	RetractionIn
18633013	2008	2008	21451065	2011	RetractionIn
18632415	2008	2008	20514739	2010	RetractionIn
18622062	2008		19177602	2008	RetractionIn
18614793	2008	2008	18815407	2008	RetractionIn
18599454	2008	2008	20160072	2010	RetractionIn
18599453	2008	2008	19380749	2009	RetractionIn
18592845	2008	2008	18814384	2008	RetractionIn
18591817	2008	2008	20523007	2010	RetractionIn
18590891	2008		19700129	2009	RetractionIn
18570278	2008	2008	19067374	2008	RetractionIn
18570267	2008	2008	19391101	2009	RetractionIn
18568464	2008	2008	19330575	2009	RetractionIn
18568291	2008	2008	21553204	2011	RetractionIn
18559516	2008	2008	21245092	2011	RetractionIn
18555977	2008	2008	20464777	2010	RetractionIn
18544868	2008	2008	19609039	2009	RetractionIn
18528650	2008	2008	19089549	2008	RetractionIn
18514061	2008	2008	20973163	2010	RetractionIn
18510929	2008	2008	20617561	2010	RetractionIn
18508798	2008	2008	18669978	2008	RetractionIn
18500756	2010	2008	20922815	2010	RetractionIn
18500511	2008	2008	19390841	2009	RetractionIn
18500509	2008	2008	19424682	2009	RetractionIn
18500349	2008	2008	20134478	2010	RetractionIn
18487988	2008	2008	21488230	2010	RetractionIn
18480056	2008	2008	19160472	2008	RetractionIn
18476299	2008	2008	18478651	2008	RetractionIn
18472592	2008	2008	19771609	2009	RetractionIn
18463486	2008	2008	19421012	2009	RetractionIn
18463039	2008	2008	18754175	2008	PartialRetractionIn
18452082	2008	2008	19504397	2009	RetractionIn
18446488	2008	2008	19533370	2009	RetractionIn
18445936	2008		18949862	2008	RetractionIn
18436834	2008	2008	19776345	2009	RetractionIn
18426626	2008	2008	21540657	2011	RetractionIn
18426330	2008	2008	20217965	2010	RetractionIn
18422744	2008	2008	19076786	2008	RetractionIn
18413006	2008	2008	21540656	2011	RetractionIn
18411340	2008	2008	19808249	2009	RetractionIn
18410446	2008	2008	20712068	2008	RetractionIn
18402204	2008	2008	18833694	2008	RetractionIn
18401421	2008	2008	20376085	2010	RetractionIn
18398079	2008	2008	19380477	2009	RetractionIn
18389490	2008	2008	19391125	2009	RetractionIn
18389185	2008		21085959	2011	RetractionIn
18387770	2008		20891033	2010	RetractionIn
18381456	2008	2008	21045159	2010	RetractionIn
18358812	2008	2008	18630350	2008	RetractionIn
18356840	2008	2008	19584876	2009	RetractionIn
18351416	2008	2008	19572166	2009	RetractionIn
18349203	2008	2008	19299812	2009	RetractionIn
18349188	2008	2008	18713925	2008	RetractionIn
18348170	2008		19639629	2009	RetractionIn
18339646	2008	2008	18922814	2008	RetractionIn
18339155	2008	2008	19175582	2009	RetractionIn
18329784	2008	2008	18668707	2008	RetractionIn
18327875	2008	2008	19238689	2009	RetractionIn
18322848	2008	2008	20432161	2010	RetractionIn
18321333	2008	2008	19703191	2009	RetractionIn
18317129	2008	2008	18766085	2008	RetractionIn
18310452	2008	2008	20841365	2010	RetractionIn
18310117	2008	2008	19011218	2008	RetractionIn
18303154	2008	2008	18668719	2008	RetractionIn
18296915	2008	2008	20949665	2010	RetractionIn
18292803	2008	2008	19603550	2009	RetractionIn
18292432	2008	2008	21451067	2011	RetractionIn
18278471	2008	2008	18807653	2008	RetractionIn
18251634	2008	2008	18454652	2008	RetractionIn
18250556	2008	2007	18633195	2008	RetractionIn
18231701	2008	2008	19572167	2009	RetractionIn
18224727	2008	2008	17956591	2008	RetractionIn
18222257	2008	2008	19068508	2008	RetractionIn
18203544	2008	2007	20593564	2010	RetractionIn
18202145	2008	2008	20514689	2010	RetractionIn
18198213	2008	2008	18755706	2008	RetractionIn
18194915	2008	2007	18400615	2008	RetractionIn
18193247	2008	2008	20838801	2010	RetractionIn
18192453	2008	2008	18949845	2008	RetractionIn
18186348	2008	2007	18581626	2008	RetractionIn
18186083	2008	2008	18853441	2008	RetractionIn
18181436	2008	2004	20455295	2009	RetractionIn
18178308	2008	2008	19642235	2009	RetractionIn
18165759	2007	2008	18708937	2008	RetractionIn
18165437	2008	2008	20514688	2010	RetractionIn
18163970	2007	2007	18382269	2008	RetractionIn
18163784	2007	2007	20887081	2010	RetractionIn
18088512	2007	2008	19406009	2009	RetractionIn
18081917	2008	2008	19132979	2009	RetractionIn
18080195	2008	2008	19789978	2009	RetractionIn
18076190	2008	2008	18307284	2008	RetractionIn
18073653	2007		18942186	2008	RetractionIn
18072024	2007	2007	19455492	2009	RetractionIn
18068108	2007	2008	21038527	2010	RetractionIn
18067406	2008	2008	20698795	2010	RetractionIn
18060319	2007	2008	18545817	2008	RetractionIn
18057596	2007	2007	18451467	2008	PartialRetractionIn
18056548	2007	2007	18763372	2008	RetractionIn
18051295	2007	2007	18188886	2007	RetractionIn
17700910	2007	2007	18727212	2008	RetractionIn
18035689	2007	2005	19039619	2008	RetractionIn
18024211	2007	2007	21277543	2011	RetractionIn
18019015	2007	2007	20082501	2009	RetractionIn
17958618	2007	2007	18558992	2008	PartialRetractionIn
18007378	2007	2005	18188887	2007	RetractionIn
18003778	2007	2007	18309008	2008	RetractionIn
18001736	2008	2008	19418609	2009	RetractionIn
17996074	2008	2007	19843327	2009	RetractionIn
17992450	2007	2007	19784531	2009	RetractionIn
17982373	2007	2007	18769273	2008	RetractionIn
17978280	2007	2007	19580571	2009	RetractionIn
17976603	2008	2008	19288593	2009	RetractionIn
17973093	2007	2007	19727599	2009	RetractionIn
17970209	2007	2007	20082502	2009	RetractionIn
17965330	2008	2008	18586754	2008	RetractionIn
17962642	2007	2008	21288870	2011	RetractionIn
17960105	2007	2007	18463560	2008	RetractionIn
17951022	2007	2008	19266631	2009	RetractionIn
17947268	2007	2007	21137116	2010	RetractionIn
17939000	2008		19557476	2009	RetractionIn
17938933	2008	2008	19083241	2009	RetractionIn
17933655	2007	2007	18294986	2008	RetractionIn
17920515	2007	2007	19222129	2009	RetractionIn
17918804	2007		19145694	2008	RetractionIn
17918285	2007		19145694	2008	RetractionIn
17916578	2007	2007	19454600	2009	RetractionIn
17909159	2007	2007	18591507	2008	RetractionIn
17908915	2007	2007	20584918	2010	RetractionIn
17906199	2007	2007	21148129	2010	RetractionIn
17901904	2007	2007	20130686	2010	RetractionIn
17892576	2007	2007	17974018	2007	RetractionIn
17889870	2007	2007	18711807	2008	RetractionIn
17885785	2008	2008	19572165	2009	RetractionIn
17883901	2007	2007	19406009	2009	RetractionIn
17882767	2007	2007	18077742	2007	RetractionIn
17878580	2007	2007	18469481	2008	RetractionIn
17875806	2008	2008	19520824	2009	RetractionIn
17851420	2007	2007	17969264	2007	RetractionIn
17848183	2007	2007	18226115	2008	RetractionIn
17827835	2007	2007	18825845	2008	RetractionIn
17763102	2007	2007	19662582	2009	RetractionIn
17761782	2011	2007	21189485	2011	RetractionIn
17724069	2007	2007	21177934	2011	RetractionIn
17722322	2007	2005	20695125	2010	RetractionIn
17706021	2007	2007	18070421	2007	RetractionIn
17704142	2007	2008	19017847	2008	RetractionIn
17702391	2007	2007	19306522	2008	RetractionIn
17701044	2007	2007	20499238	2010	RetractionIn
17689277	2007	2008	19530279	2009	RetractionIn
17687392	2007	2007	18072301	2007	RetractionIn
17686487	2007	2007	20105496	2010	RetractionIn
17674971	2007	2007	18219743	2007	RetractionIn
17673498	2007	2007	18522959	2008	RetractionIn
17671184	2007	2007	21159658	2010	RetractionIn
17662266	2008	2008	19124093	2009	RetractionIn
17653663	2007	2007	18246317	2008	RetractionIn
17644368	2007		19388154	2009	RetractionIn
17637719	2007	2007	20859260	2010	RetractionIn
17633759	2007	2007	21288870	2011	RetractionIn
17629231	2007	2007	20583383	2010	RetractionIn
17628467	2007	2007	18444246	2008	RetractionIn
17604800	2007	2007	18774408	2008	RetractionIn
17601758	2007	2007	20050157	2010	RetractionIn
17578979	2007	2007	19299812	2009	RetractionIn
17578978	2007	2007	19299812	2009	RetractionIn
17576198	2007	2007	21348857	2011	RetractionIn
17573344	2007	2007	18163247	2007	RetractionIn
17572536	2007	2007	18454036	2008	RetractionIn
17564894	2007	2007	17786654	2007	RetractionIn
17562360	2007	2007	17987674	2007	RetractionIn
17562229	2007	2007	18824454	2008	RetractionIn
17555966	2007	2007	19839099	2009	RetractionIn
17550372	2007	2007	19906100	2009	RetractionIn
17546574	2007	2007	17907250	2007	RetractionIn
17545440	2007	2007	19339584	2009	RetractionIn
17520820	2007	2007	19306522	2008	RetractionIn
17518361	2007	2007	18306279	2008	RetractionIn
17512795	2007	2007	19263596	2009	RetractionIn
17510058	2007	2007	19676152	2009	RetractionIn
17499512	2007	2007	19177601	2009	RetractionIn
17499217	2007	2007	19777641	2009	RetractionIn
17483799	2007	2007	17978810	2007	RetractionIn
17470215	2007	2007	17986024	2007	RetractionIn
17464449	2007	2007	20119650	2010	RetractionIn
17461059	2007	2007	17977112	2007	RetractionIn
17457626	2007	2007	19225817	2009	RetractionIn
17456665	2007	2007	21451083	2011	RetractionIn
17454209	2007	2007	17786654	2007	RetractionIn
17450507	2007	2007	19391124	2009	RetractionIn
17445990	2007	2007	19496236	2009	RetractionIn
17442973	2007	2007	18941258	2008	RetractionIn
17437420	2007	2007	19058349	2008	RetractionIn
17433423	2007	2007	19062393	2008	RetractionIn
17431619	2008	2008	19513713	2009	RetractionIn
17418097	2007	2007	19777640	2009	RetractionIn
17416190	2007	2007	18065108	2007	RetractionIn
17406964	2007	2007	19707850	2010	RetractionIn
17406346	2007	2007	20859262	2010	RetractionIn
17395477	2007	2007	21667570	2008	RetractionIn
17393178	2007	2007	21107587	2011	RetractionIn
17393100	2007	2007	18481007	2008	RetractionIn
17392961	2007	2007	18265472	2008	RetractionIn
17384515	2007	2007	18431861	2008	RetractionIn
17383328	2007	2007	17650548	2007	RetractionIn
17381062	2007		19319708	2009	RetractionIn
17380192	2007		19750127	2009	RetractionIn
17374986	2007	2007	19901515	2009	PartialRetractionIn
17373355	2007	2006	18340965	2007	RetractionIn
17369374	2007	2007	18320608	2008	RetractionIn
17367204	2007	2007	17658946	2007	RetractionIn
17365020	2007	2007	19860595	2009	RetractionIn
17363243	2007	2008	18668728	2008	RetractionIn
17355335	2007	2007	17614998	2007	RetractionIn
17353833	2007		17876935	2007	RetractionIn
17351230	2007	2007	17452723	2007	RetractionIn
17340661	2007	2007	21157791	2010	RetractionIn
17339748	2007	2007	19706993	2009	RetractionIn
17339455	2007	2007	20483795	2010	RetractionIn
17332213	2007	2007	17766554	2007	RetractionIn
17327231	2007	2007	21413165	2011	RetractionIn
17316981	2007	2007	18630349	2008	RetractionIn
17312943	2007	2006	18163244	2007	RetractionIn
17301810	2007	2007	20703210	2010	RetractionIn
17301435	2007	2005	18357658	2007	RetractionIn
17289674	2007	2007	18810786	2008	RetractionIn
17284571	2007	2007	18188874	2007	RetractionIn
17280832	2007	2007	19434916	2009	RetractionIn
17266746	2007	2007	18694478	2008	RetractionIn
17265502	2007	2007	18759266	2008	RetractionIn
17258353	2007	2007	19172758	2008	RetractionIn
17254774	2007	2007	18345556	2008	RetractionIn
17251541	2007	2007	17409337	2007	RetractionIn
17251387	2007	2007	18309008	2008	RetractionIn
17242103	2007	2007	21451072	2011	RetractionIn
17241528	2007	2007	17974074	2007	RetractionIn
17241506	2007	2007	21540655	2011	RetractionIn
17238568	2007	2006	18297754	2006	RetractionIn
17238449	2007	2006	18297753	2006	RetractionIn
17237576	2007	2006	19209403	2008	RetractionIn
17237390	2007	2007	20483794	2010	RetractionIn
17229471	2007	2007	18705032	2008	RetractionIn
17227430	2007	2007	18665945	2008	RetractionIn
17223697	2007	2007	17935358	2007	RetractionIn
17222507	2007	2007	18642438	2008	RetractionIn
17215543	2007	2007	18687655	2008	RetractionIn
17215525	2007	2007	17347468	2007	RetractionIn
17208372	2007	2007	18584810	2008	RetractionIn
17207088	2007	2006	19594496	2009	RetractionIn
17199437	2007	2006	17316127	2007	RetractionIn
17197205	2007	2007	18714442	2008	RetractionIn
17196679	2007	2007	18340665	2008	RetractionIn
17194752	2007	2007	20194629	2010	RetractionIn
17190127	2006		19469057	2009	RetractionIn
17188809	2007	2007	18508008	2008	RetractionIn
17188242	2007	2007	19777639	2009	RetractionIn
17184598	2006	2006	18727213	2008	RetractionIn
17177150	2006	2006	19816840	2008	RetractionIn
17164266	2007	2007	17895373	2007	RetractionIn
17155403	2006	2006	17952894	2007	RetractionIn
17154781	2006	2006	18823211	2008	RetractionIn
17153136	2006	2006	18198529	2007	RetractionIn
17147054	2006		18935697	2008	RetractionIn
17146721	2006	2007	17729429	2007	RetractionIn
17141333	2007	2007	18041111	2007	RetractionIn
17135667	2006	2006	19291899	2009	RetractionIn
17135436	2007	2007	17615274	2007	RetractionIn
17135357	2006	2007	17905730	2007	RetractionIn
17133340	2006	2006	17471609	2007	RetractionIn
17127664	2006	2006	19662582	2009	RetractionIn
17123960	2006	2007	17915350	2007	PartialRetractionIn
17123772	2007	2007	19266630	2009	RetractionIn
17118505	2006	2007	18062082	2007	RetractionIn
17114063	2006	2006	17234576	2007	RetractionIn
17113017	2007	2007	18709725	2008	RetractionIn
17110022	2007	2007	18456906	2008	RetractionIn
17106890	2007	2007	19301286	2009	RetractionIn
17097229	2007	2007	18543408	2008	RetractionIn
17091754	2006	2006	18661677	2008	RetractionIn
17087575	2006	2006	18999359	2008	RetractionIn
17086017	2006	2006	18780483	2008	RetractionIn
17080405	2006		17345565	2007	RetractionIn
17078553	2006	2006	18581657	2008	RetractionIn
17077952	2006		19582503	2009	RetractionIn
17062230	2006	2006	17650547	2007	RetractionIn
17061163	2006	2006	18232077	2007	RetractionIn
17057710	2006	2006	21217686	2011	RetractionIn
17056968	2006	2006	19299812	2009	RetractionIn
17056923	2006	2006	17650565	2007	RetractionIn
17056530	2006	2006	21209288	2011	RetractionIn
17056245	2006	2006	19569261	2009	RetractionIn
17055433	2006	2006	17218266	2007	RetractionIn
17051976	2006		18935696	2008	RetractionIn
17051805	2006	2006	18589485	2008	RetractionIn
17047255	2006	2006	19474393	2009	RetractionIn
17043678	2007	2007	18049464	2007	RetractionIn
17042945	2006	2006	17092331	2006	RetractionIn
17041727	2006	2006	17717854	2007	RetractionIn
17030610	2006	2006	19279189	2009	RetractionIn
17023390	2006	2006	20515957	2010	RetractionIn
17021747	2007	2007	18193493	2007	RetractionIn
17012269	2006	2006	17178748	2007	RetractionIn
17000298	2006	2006	17726799	2007	RetractionIn
16974114	2006	2006	18063880	2007	RetractionIn
16973744	2006	2006	17360701	2007	RetractionIn
16973722	2006	2006	19469050	2009	RetractionIn
16968898	2006	2007	18299452	2008	RetractionIn
16956206	2006	2006	18001006	2007	RetractionIn
16951566	2006	2006	20683357	2010	RetractionIn
16945319	2006	2006	18543410	2008	RetractionIn
16938870	2006	2006	19106305	2008	RetractionIn
16934686	2006	2006	17933032	2007	RetractionIn
16930675	2006	2006	20824938	2010	RetractionIn
16930383	2006	2006	20059626	2009	RetractionIn
16929120	2006	2006	19086151	2008	RetractionIn
16920823	2006	2006	21228251	2011	RetractionIn
16917797	2006	2006	17103479	2006	RetractionIn
16913865	2006	2006	17081259	2006	RetractionIn
16912754	2006	2006	17760229	2007	RetractionIn
16912408	2006	2006	19252230	2009	RetractionIn
16906766	2006	2006	17567051	2007	RetractionIn
16899777	2006	2006	21366430	2011	RetractionIn
16899252	2006	2006	17874477	2007	RetractionIn
16898225	2006	2006	18360952	2008	RetractionIn
16890687	2006	2006	17139780	2006	PartialRetractionIn
16885199	2006	2007	17984118	2007	RetractionIn
16882552	2006	2006	18951275	2008	RetractionIn
16874686	2006		17918151	2007	RetractionIn
16873043	2006		17867222	2007	RetractionIn
16872742	2007	2007	18461699	2008	RetractionIn
16862580	2006	2006	19399884	2009	PartialRetractionIn
16847342	2006	2006	18772271	2008	RetractionIn
16842743	2006	2006	17068855	2006	RetractionIn
16840747	2006	2006	21288870	2011	RetractionIn
16838032	2006	2006	17507992	2007	RetractionIn
16824631	2007	2007	18158190	2008	RetractionIn
16809909	2006	2006	17193703	2006	RetractionIn
16809859	2006	2006	18754157	2008	RetractionIn
16807784	2006	2006	18595196	2008	RetractionIn
16803864	2006	2006	18757780	2008	RetractionIn
16790652	2006	2006	21451071	2011	RetractionIn
16790618	2006	2006	19448229	2009	RetractionIn
16782903	2006	2006	19474393	2009	RetractionIn
16782650	2006	2006	18058373	2007	RetractionIn
16781144	2006	2007	19953724	2009	RetractionIn
16775809	2006	2006	17506072	2007	RetractionIn
16770538	2006	2006	18773512	2008	RetractionIn
16767085	2006	2006	18560433	2008	RetractionIn
16765339	2007	2007	19124093	2009	RetractionIn
16764619	2006	2006	20178557	2010	RetractionIn
16764598	2006	2006	17163875	2006	RetractionIn
16756753	2006	2006	20632472	2010	RetractionIn
16738545	2006	2006	18235505	2008	RetractionIn
16734562	2006	2006	17115904	2006	RetractionIn
16732280	2006	2006	16960577	2006	RetractionIn
16725387	2006	2006	18441551	2008	RetractionIn
16723796	2006	2006	20689222	2010	RetractionIn
16719806	2006	2006	17549846	2007	RetractionIn
16714283	2006	2006	18499917	2008	RetractionIn
16712650	2006	2006	17504515	2007	RetractionIn
16689510	2006		17175730	2006	RetractionIn
16688891	2006	2006	20369409	2010	RetractionIn
16687409	2006	2006	18210667	2008	RetractionIn
16686385	2006		17181116	2006	RetractionIn
16675392	2006	2006	17326324	2007	RetractionIn
16649305	2006	2005	16635876	2006	RetractionIn
16645343	2006	2006	16871030	2006	RetractionIn
16644507	2006	2006	18334470	2008	RetractionIn
16641989	2006	2006	17066038	2006	RetractionIn
16641293	2006	2006	17496231	2007	RetractionIn
16630125	2006	2006	21265953	2011	RetractionIn
16626211	2006	2006	16863336	2006	RetractionIn
16618605	2006	2006	18504811	2008	RetractionIn
16617846	2006	2005	17708013	2007	RetractionIn
16603085	2006	2006	21210996	2011	RetractionIn
16597423	2006		16824453	2006	RetractionIn
16594919	2006	2006	19335803	2009	RetractionIn
16584637	2006	2006	20632472	2010	RetractionIn
16565882	2006	2006	19347663	2009	RetractionIn
16555436	2006	2005	16739302	2006	RetractionIn
16550265	2006	2006	17600961	2007	RetractionIn
16544577	2006	2006	17410676	2007	RetractionIn
16543683	2006	2006	17354293	2006	RetractionIn
16542160	2006	2006	19034988	2008	RetractionIn
16527983	2006	2006	20929829	2010	RetractionIn
16527309	2006	2006	18286714	2008	RetractionIn
16520554	2006	2006	16981308	2006	RetractionIn
16519442	2006	2006	17107036	2006	RetractionIn
16508680	2006	2005	17671539	2006	RetractionIn
16508386	2006	2006	19218855	2009	RetractionIn
16507902	2006	2006	17982135	2007	RetractionIn
16504726	2006		19585698	2009	RetractionIn
16502480	2006	2006	21488204	2011	RetractionIn
16489820	2006	2006	17915904	2007	RetractionIn
16489497	2006	2006	17691123	2007	RetractionIn
16487061	2006	2006	21166650	2010	RetractionIn
16484492	2006	2006	17656701	2007	RetractionIn
16484209	2006	2006	16621841	2006	RetractionIn
16478859	2006	2006	18938645	2008	RetractionIn
16478645	2006	2006	17048343	2006	RetractionIn
16474136	2006	2006	17005709	2006	RetractionIn
16468883	2006	2006	16942385	2006	PartialRetractionIn
16467873	2006	2006	16915293	2006	RetractionIn
16467142	2006	2006	17132733	2006	RetractionIn
16466641	2006	2006	20632472	2010	RetractionIn
16465358	2006	2005	20222207	2009	RetractionIn
16462106	2006	2005	17551250	2007	RetractionIn
16459994	2006	2006	16886289	2006	RetractionIn
16455819	2006	2006	18398955	2008	RetractionIn
16432154	2006	2006	17159131	2006	RetractionIn
16428550	2006	2006	19299812	2009	RetractionIn
16428532	2006	2006	21451073	2011	RetractionIn
16424524	2006	2006	21534264	2011	RetractionIn
16424224	2006	2006	18941259	2008	RetractionIn
16421562	2006	2006	19079059	2008	RetractionIn
16418018	2006		19288610	2009	RetractionIn
16413606	2006	2006	17387784	2007	RetractionIn
16413539	2006	2006	16773740	2006	RetractionIn
16412036	2006	2006	17054588	2006	RetractionIn
16410328	2006	2006	16997941	2006	RetractionIn
16406483	2006	2006	18770890	2008	RetractionIn
16399846	2006	2006	17596640	2007	RetractionIn
16399311	2006	2006	16736557	2006	RetractionIn
16398468	2006	2005	21322744	2011	RetractionIn
16394597	2006	2005	19506343	2009	RetractionIn
16390818	2006	2005	18951275	2008	RetractionIn
16387853	2006	2006	16505348	2006	RetractionIn
16383300	2005	2005	18350680	2007	RetractionIn
16373573	2005	2005	17185584	2006	RetractionIn
16373256	2005	2005	18365839	2008	RetractionIn
16368125	2006	2006	18041113	2007	RetractionIn
16363482	2005	2005	16770067	2006	RetractionIn
16362798	2005	2005	20931257	2010	RetractionIn
16357560	2005	2006	16721138	2006	RetractionIn
16355390	2006	2006	17614339	2007	RetractionIn
16354850	2005	2005	18842931	2008	RetractionIn
16342351	2005	2005	18581620	2008	RetractionIn
16339543	2005	2005	16849517	2006	RetractionIn
16327213	2005	2005	17652912	2007	RetractionIn
16322903	2006	2006	20177719	2010	RetractionIn
16319506	2006	2006	16683328	2006	RetractionIn
16308569	2005	2005	21285977	2011	RetractionIn
16306613	2005	2005	16873288	2006	RetractionIn
16299507	2005	2005	17013410	2006	RetractionIn
16291386	2005	2005	17214047	2006	RetractionIn
16286306	2005	2006	19173128	2009	RetractionIn
16286305	2005	2006	19662582	2009	RetractionIn
16286019	2005	2005	16767838	2006	RetractionIn
16270447	2005	2005	20027706	2009	RetractionIn
16263821	2006	2006	16775851	2006	RetractionIn
16256075	2005	2005	17288013	2007	RetractionIn
16254035	2006	2006	18493028	2008	RetractionIn
16249842	2005	2005	19639447	2009	RetractionIn
16243185	2005	2005	17236955	2007	PartialRetractionIn
16239928	2006	2006	17972903	2007	RetractionIn
16236435	2006	2006	19160569	2009	RetractionIn
16235460	2005	2005	18254204	2007	RetractionIn
16230795	2005	2005	17514840	2007	RetractionIn
16230623	2005	2005	20622151	2010	RetractionIn
16227584	2005	2005	21350113	2011	RetractionIn
16226613	2005		16458751	2006	RetractionIn
16224166	2005	2005	17179705	2006	RetractionIn
16221992	2006	2006	16625002	2006	RetractionIn
16217005	2005	2005	16983065	2006	RetractionIn
16207520	2006	2006	18496903	2008	RetractionIn
16204194	2005	2005	16882864	2006	RetractionIn
16203862	2005	2005	19685570	2009	RetractionIn
16202228	2005	2005	16355499	2005	RetractionIn
16200333	2005	2005	19784532	2009	RetractionIn
16192765	2005	2005	20177373	2010	RetractionIn
16192764	2005	2005	20177373	2010	RetractionIn
16187321	2005	2006	18792961	2008	RetractionIn
16178425	2005	2005	17121191	2006	RetractionIn
16174581	2005	2005	17366688	2007	RetractionIn
16166739	2005	2005	18695263	2008	RetractionIn
16162900	2005	2005	19525407	2009	RetractionIn
16159641	2005	2005	20464794	2010	RetractionIn
16157701	2005	2005	17485494	2007	RetractionIn
16151024	2005	2005	20538690	2010	RetractionIn
16146159	2005	2005	16528862	2006	RetractionIn
16138565	2005	2005	19417759	2009	RetractionIn
16135352	2005		16857559	2006	RetractionIn
16116011	2005	2005	21451068	2011	RetractionIn
16110016	2005	2005	16829659	2006	RetractionIn
16099949	2005	2005	17446370	2007	RetractionIn
16094364	2005	2005	16222303	2005	RetractionIn
16080255	2005	2003	15738363	2005	RetractionIn
16077385	2005	2005	17726800	2007	RetractionIn
16076637	2005	2005	19662582	2009	RetractionIn
16061819	2005	2005	20375280	2010	RetractionIn
16054423	2005	2005	16892492	2006	RetractionIn
16045557	2005	2005	17010023	2006	RetractionIn
16040081	2006	2006	18584777	2008	RetractionIn
16033828	2005	2005	19390114	2009	RetractionIn
16026327	2005	2005	19160568	2009	RetractionIn
16009522	2005	2005	18496898	2008	RetractionIn
16002281	2005	2005	18688952	2008	RetractionIn
15994554	2005	2005	19390025	2009	RetractionIn
15994234	2005	2005	20622156	2010	RetractionIn
15988809	2005	2005	16642565	2006	RetractionIn
15988546	2005		17982441	2007	RetractionIn
15987643	2005	2005	17176513	2006	RetractionIn
15981993	2005	2005	17567051	2007	RetractionIn
15976327	2005	2005	21508337	2011	RetractionIn
15968290	2005	2005	19513083	2009	RetractionIn
15968000	2005	2005	19590011	2009	RetractionIn
15965464	2005	2005	16222304	2005	RetractionIn
15965225	2005	2005	16484665	2006	RetractionIn
15961411	2005	2005	17470461	2007	PartialRetractionIn
15955294	2005	2005	16733874	2006	RetractionIn
15954208	2005	2004	19372116	2009	RetractionIn
15951848	2007	2005	18297775	2005	RetractionIn
15940106	2005	2005	16482658	2005	RetractionIn
15935697	2005	2005	17436439	2007	RetractionIn
15934020	2005	2005	17506073	2007	RetractionIn
15931363	2005	2004	18056030	2007	RetractionIn
15925922	2005	2005	16905903	2006	RetractionIn
15911779	2005	2005	20864630	2010	RetractionIn
15908671	2005	2005	20827809	2010	RetractionIn
15908339	2005	2005	16136721	2005	RetractionIn
15905366	2005	2005	16410485	2006	RetractionIn
15902754	2005	2005	20369407	2010	RetractionIn
15890884	2005	2005	17185584	2006	RetractionIn
15882421	2005	2005	18684246	2008	RetractionIn
15882146	2005	2005	17326266	2007	RetractionIn
15879701	2005	2005	20446345	2010	RetractionIn
15879152	2005	2005	18941260	2008	RetractionIn
15879012	2005	2005	17047133	2006	RetractionIn
15870476	2005	2005	17322212	2007	RetractionIn
15869364	2005		16300451	2005	RetractionIn
15867557	2005	2005	16003050	2005	RetractionIn
15866879	2005	2005	19785092	2009	RetractionIn
15852994	2005	2005	21540654	2011	RetractionIn
15852626	2005	2005	17682298	2006	RetractionIn
15849769	2005	2005	18615454	2008	RetractionIn
15849379	2005		19172772	2008	RetractionIn
15848514	2005	2005	18345594	2008	RetractionIn
15833829	2005	2005	20710046	2010	RetractionIn
15829920	2005	2005	20613846	2010	RetractionIn
15826142	2005	2005	16506792	2006	RetractionIn
15811683	2005	2005	18459183	2008	RetractionIn
15811177	2005	2005	15877819	2005	RetractionIn
15802129	2005	2005	18564440	2008	RetractionIn
15794062	2005		21180206	2010	RetractionIn
15784899	2005	2005	20847365	2010	RetractionIn
15782369	2005	2005	16948173	2006	RetractionIn
15778342	2005	2005	21289317	2011	RetractionIn
15778113	2005	2005	18061996	2007	RetractionIn
15774785	2005	2005	17158555	2006	RetractionIn
15764805	2005	2005	18320608	2008	RetractionIn
15763381	2005	2005	18496902	2008	RetractionIn
15759553	2005	2004	19472519	2009	RetractionIn
15759001	2005	2005	21368838	2011	RetractionIn
15757900	2005	2005	17380579	2007	RetractionIn
15750345	2005	2005	20446345	2010	RetractionIn
15750339	2005	2005	16511361	2006	RetractionIn
15750337	2005	2005	16511361	2006	RetractionIn
15742012	2005	2005	16208878	2005	RetractionIn
15741619	2005	2005	19339584	2009	RetractionIn
15740897	2005	2005	18496897	2008	RetractionIn
15730395	2005	2005	19058349	2008	RetractionIn
15728055	2005	2005	20357159	2010	RetractionIn
15714135	2005	2005	17003659	2006	RetractionIn
15703780	2005	2005	20389304	2010	PartialRetractionIn
15700263	2005	2005	20229574	2010	RetractionIn
15673561	2005	2005	18728245	2008	RetractionIn
15667336	2005	2005	19021584	2008	RetractionIn
15516912	2004	2004	15937474	2005	RetractionIn
15660873	2005	2004	18937768	2008	RetractionIn
15650163	2005	2005	21228250	2011	RetractionIn
15644350	2005	2004	19796251	2009	RetractionIn
15642590	2005	2005	19514104	2009	RetractionIn
15642372	2005	2005	16521304	2006	RetractionIn
15637280	2005	2005	16373558	2005	RetractionIn
15631872	2005		18825841	2008	RetractionIn
15622356	2004	2004	17907312	2006	RetractionIn
15616023	2004	2005	15983232	2005	RetractionIn
15608056	2004	2004	17724333	2007	RetractionIn
15604405	2004	2004	18403691	2008	RetractionIn
15604363	2005	2005	17962537	2007	RetractionIn
15590255	2004	2004	19475772	2009	RetractionIn
15583985	2004	2004	16456801	2006	RetractionIn
15575251	2004	2004	18827437	2008	RetractionIn
15571382	2004	2004	19731911	2009	RetractionIn
15569762	2004		17846225	2007	RetractionIn
15563976	2004	2004	16163795	2005	RetractionIn
15545995	2004	2004	16881139	2006	RetractionIn
15536186	2004	2004	16582451	2006	RetractionIn
15528874	2004		19893299	2009	RetractionIn
15522194	2004	2004	16767803	2005	RetractionIn
15521078	2005	2005	17209231	2006	RetractionIn
15518170	2004	2004	20500035	2009	RetractionIn
15516429	2004	2004	15738044	2005	RetractionIn
15510931	2004	2004	18567567	2008	RetractionIn
15509205	2004	2004	20482667	2010	RetractionIn
15501702	2004	2004	18782924	2008	RetractionIn
15499051	2004	2004	16969914	2006	RetractionIn
15495094	2004	2004	15736316	2004	RetractionIn
15493733	2004		18592679	2008	RetractionIn
15489860	2004	2004	15937475	2005	RetractionIn
15480894	2004	2004	20505972	2010	RetractionIn
15479077	2004	2004	16506793	2006	RetractionIn
15470063	2004	2004	19620320	2009	RetractionIn
15464509	2004	2004	21213615	2011	RetractionIn
15456561	2004	2004	19149983	2009	RetractionIn
15385341	2004	2004	21451080	2011	RetractionIn
15385115	2004	2004	15810154	2005	RetractionIn
15370385	2004	2004	18030635	2007	RetractionIn
15367259	2004	2004	20586955	2010	RetractionIn
15365812	2004	2004	15918217	2005	RetractionIn
15356169	2004	2004	20304835	2010	RetractionIn
15345658	2004	2004	19338574	2009	RetractionIn
15345558	2004	2004	18990783	2008	RetractionIn
15342645	2004	2004	18348354	2008	RetractionIn
15341509	2004	2005	18798367	2008	RetractionIn
15329587	2004	2004	20177373	2010	RetractionIn
15322593	2004	2004	19082250	2008	RetractionIn
15313930	2004	2004	15966130	2005	RetractionIn
15311210	2004	2004	16810259	2006	RetractionIn
15304519	2004	2004	20185771	2010	RetractionIn
15302444	2004	2004	18572427	2008	RetractionIn
15301984	2004	2004	18592666	2008	RetractionIn
15298725	2004	2004	15958062	2005	RetractionIn
15297874	2004	2004	17971824	2007	RetractionIn
15295367	2004	2004	17162772	2006	RetractionIn
15295347	2004	2004	15695968	2005	RetractionIn
15284244	2004	2004	21495271	2011	RetractionIn
15282297	2004	2004	16200688	2005	RetractionIn
15281492	2004	2004	21451079	2011	RetractionIn
15269168	2004	2004	16314492	2005	RetractionIn
15267089	2004	2004	15354845	2004	RetractionIn
15260988	2004	2004	16220614	2005	RetractionIn
15256569	2004	2004	19423630	2009	RetractionIn
15256470	2004	2004	21045150	2010	RetractionIn
15254533	2004	2004	16222302	2005	RetractionIn
15250046	2004	2004	15627319	2004	RetractionIn
15240891	2004	2004	18287002	2008	RetractionIn
15240731	2004	2004	20483793	2010	RetractionIn
15239366	2004	2004	16060010	2005	RetractionIn
15234210	2004	2004	15372728	2004	RetractionIn
15218149	2004	2004	18239106	2008	RetractionIn
15215246	2004	2004	21516612	2011	RetractionIn
15213307	2004	2004	16535772	2006	RetractionIn
15209896	2004	2004	15355508	2004	RetractionIn
15198948	2004	2004	19264925	2009	RetractionIn
15179047	2004	2004	16511361	2006	RetractionIn
15178751	2004	2004	15746408	2005	RetractionIn
15177893	2004	2004	15580694	2004	RetractionIn
15170272	2004	2004	17236955	2007	PartialRetractionIn
15165110	2004	2004	18481007	2008	RetractionIn
15163498	2004	2004	20238474	2010	RetractionIn
15158225	2004		17176532	2006	RetractionIn
15157037	2004	2004	19422087	2009	RetractionIn
15156501	2004	2004	15224696	2004	RetractionIn
15155873	2004	2004	17284584	2007	RetractionIn
15155382	2004	2004	18094391	2008	RetractionIn
15154073	2004	2004	15309238	2004	RetractionIn
15153858	2004	2004	16163818	2005	RetractionIn
15146069	2004	2004	15516371	2004	RetractionIn
15142861	2004	2004	21508336	2011	RetractionIn
15142171	2004	2004	20553466	2010	RetractionIn
15122252	2004	2004	16855608	2006	RetractionIn
15118164	2004	2004	15459367	2004	RetractionIn
15114096	2004	2004	15973193	2005	RetractionIn
15103161	2004	2004	15726764	2004	RetractionIn
15099190	2004	2004	20958266	2010	RetractionIn
15089793	2004	2004	16842490	2006	RetractionIn
15083493	2004	2004	16245294	2005	RetractionIn
15079086	2004	2004	15696627	2005	RetractionIn
15078940	2004	2004	21228249	2011	RetractionIn
15076954	2004	2004	15473063	2004	RetractionIn
15073372	2004	2004	18653862	2008	RetractionIn
15070790	2004	2004	17079770	2006	RetractionIn
15055895	2004	2004	21540661	2011	RetractionIn
15044043	2004	2004	15336941	2004	RetractionIn
15041987	2004	2004	15695968	2005	RetractionIn
15041010	2004	2004	17582840	2007	RetractionIn
15039926	2004	2004	16602096	2006	RetractionIn
15039353	2004	2004	18799811	2008	RetractionIn
15032629	2004	2004	20461862	2010	RetractionIn
15028690	2004	2004	15342609	2004	RetractionIn
15013361	2004	2004	15560003	2004	RetractionIn
15001474	2004	2004	18840730	2008	RetractionIn
14985765	2004	2004	21048767	2010	RetractionIn
14978625	2004	2004	16132475	2005	RetractionIn
14972677	2004	2004	17992736	2007	RetractionIn
14970332	2004	2004	17360700	2007	RetractionIn
14963337	2004	2004	16410485	2006	RetractionIn
14871855	2004	2004	16156091	2005	RetractionIn
14871577	2004	2004	15685781	2005	RetractionIn
14766451	2004	2004	17265573	2006	RetractionIn
14755060	2004	2004	15693149	2004	RetractionIn
14750616	2004	2003	16913071	2006	RetractionIn
14744033	2004	2003	20446345	2010	RetractionIn
14735849	2004	2003	15025028	2003	RetractionIn
14726590	2004	2004	19965450	2009	RetractionIn
14714201	2004	2003	18773530	2008	RetractionIn
14712780	2004	2003	15218874	2004	RetractionIn
14709792	2004	2003	15218884	2004	RetractionIn
20021100	2009	2004	20199169	2010	RetractionIn
14699092	2004	2004	20306576	2010	RetractionIn
14689513	2003		14994310	2004	RetractionIn
14679216	2004	2004	20954297	2010	RetractionIn
14673690	2003	2003	17607544	2007	RetractionIn
14672915	2004	2004	18695264	2008	RetractionIn
14664422	2003	2003	15672979	2004	RetractionIn
14645581	2003	2003	15709047	2005	RetractionIn
14645365	2003	2003	15959958	2005	RetractionIn
14642133	2003	2003	15844253	2005	RetractionIn
14622809	2003	2001	14622684	2003	RetractionIn
14620432	2003	2003	15117135	2004	RetractionIn
14608366	2003	2003	15122294	2004	RetractionIn
14600393	2003	2003	15088600	2004	RetractionIn
14587731	2003	2003	15559988	2004	RetractionIn
14578081	2003	2003	17095496	2006	RetractionIn
14572313	2004	2003	14723797	2004	RetractionIn
14530809	2003	2003	14689962	2003	RetractionIn
14517260	2003	2003	18185496	2008	RetractionIn
14512211	2003	2003	15526407	2004	RetractionIn
14510839	2003	2003	15683406	2005	RetractionIn
14500648	2003	2003	20660362	2010	RetractionIn
14499135	2003	2003	15508234	2004	RetractionIn
13679198	2003	2003	17457996	2007	RetractionIn
12974429	2003	2003	16189926	2004	RetractionIn
12968031	2003	2003	17939193	2007	PartialRetractionIn
12967786	2003		19565674	2009	RetractionIn
12959337	2003		19280442	2009	RetractionIn
12954032	2003		20008771	2009	RetractionIn
12944035	2003	2003	19020510	2008	RetractionIn
12943767	2003	2003	19330947	2009	RetractionIn
12935295	2004	2003	14723796	2004	RetractionIn
12919678	2003	2003	16724417	2006	RetractionIn
12919395	2003	2003	14636358	2003	RetractionIn
12895212	2003	2003	14687178	2004	RetractionIn
12893944	2003	2003	15044784	2004	RetractionIn
12883403	2003	2003	20177373	2010	RetractionIn
12869699	2003	2003	16210516	2005	RetractionIn
12845635	2003	2003	17029327	2006	RetractionIn
12843327	2003	2003	15520405	2004	RetractionIn
12833645	2003	2003	19649932	2009	RetractionIn
12823979	2003	2003	17580380	2007	RetractionIn
12822012	2003	2003	16967080	2006	RetractionIn
12819056	2003	2003	21177933	2011	RetractionIn
12813423	2003	2003	17623895	2007	RetractionIn
12808467	2003	2003	14603326	2003	RetractionIn
12804513	2003	2003	15137386	2004	RetractionIn
12801955	2003	2003	15082607	2004	RetractionIn
12797863	2003	2003	15657987	2004	RetractionIn
12796562	2003	2003	16476960	2006	PartialRetractionIn
12790626	2003		15801814	2005	RetractionIn
12774765	2003	2003	14988866	2004	RetractionIn
12773570	2003	2003	16782904	2006	RetractionIn
12768027	2003	2003	17005709	2006	RetractionIn
12761696	2003	2003	12934587	2003	RetractionIn
12759451	2003	2003	20304834	2010	RetractionIn
12757708	2003	2003	15599984	2004	RetractionIn
12757644	2003	2003	15309810	2004	RetractionIn
12751431	2003	2003	19125381	2009	RetractionIn
12747975	2003	2003	17457993	2007	RetractionIn
12738814	2003	2003	19720626	2009	RetractionIn
12734349	2003	2003	21289316	2011	RetractionIn
12708958	2003	2003	14742821	2004	RetractionIn
12700012	2003		14651063	2003	RetractionIn
12696935	2003	2003	19807167	2009	RetractionIn
12696621	2003	2003	15009622	2004	RetractionIn
12680748	2003	2003	15260900	2004	RetractionIn
12687010	2003	2003	15759010	2005	RetractionIn
12683472	2003	2003	19415890	2009	RetractionIn
12679039	2003	2003	15478275	2004	RetractionIn
12672770	2003	2003	15914742	2005	RetractionIn
12670382	2003	2003	21410508	2011	RetractionIn
12658805	2003	2002	14631941	2003	RetractionIn
12652309	2003	2003	17401390	2007	RetractionIn
12652308	2003	2003	17401390	2007	RetractionIn
12650488	2003	2003	20220359	2010	RetractionIn
12643269	2003	2003	14649221	2003	RetractionIn
12642615	2003	2003	15557126	2004	RetractionIn
12626456	2003	2003	20357076	2010	RetractionIn
12619192	2003	2003	18159609	2007	RetractionIn
12618524	2003	2003	14617761	2003	RetractionIn
12615337	2003	2003	12850266	2003	RetractionIn
12612585	2003	2003	19710717	2009	RetractionIn
12596084	2003	2003	14745671	2003	RetractionIn
12585428	2003	2003	14725315	2003	RetractionIn
12574348	2003	2003	20483792	2010	RetractionIn
12570065	2003	2002	17457992	2007	RetractionIn
12560494	2003	2003	16670428	2006	RetractionIn
12554767	2003	2003	15277603	2004	RetractionIn
12547818	2003	2003	14645037	2003	RetractionIn
12538722	2003	2003	16422027	2005	RetractionIn
12531578	2003	2003	19819378	2009	RetractionIn
12521812	2005	2001	20144002	2010	RetractionIn
12520731	2003	2002	14628756	2003	RetractionIn
12517745	2003	2003	17939192	2007	PartialRetractionIn
12496384	2002	2003	19155527	2009	RetractionIn
12466290	2002	2002	15378833	2004	PartialRetractionIn
12454141	2002	2002	16517936	2006	RetractionIn
12446324	2002	2002	19796251	2009	RetractionIn
12446318	2002	2002	21218548	2010	RetractionIn
12446313	2002	2002	19796251	2009	RetractionIn
12438431	2002	2002	20368577	2010	RetractionIn
12438421	2002	2002	17074927	2006	RetractionIn
12426956	2002	2002	15171212	2004	RetractionIn
12424250	2003	2003	21516630	2011	RetractionIn
12417916	2002	2002	12643272	2003	RetractionIn
12417695	2002	2002	15004271	2004	RetractionIn
12415108	2002	2002	19666546	2009	RetractionIn
12409020	2002	2002	20109595	2010	RetractionIn
12408870	2002	2002	15025097	2004	RetractionIn
12407422	2002	2002	16708074	2006	RetractionIn
12403353	2002	2002	18340653	2008	RetractionIn
12398910	2002	2002	15063148	2004	RetractionIn
12397190	2002	2002	12578956	2003	RetractionIn
12390292	2002	2002	15479177	2004	RetractionIn
12388152	2002	2003	19625678	2009	RetractionIn
12381855	2002	2002	15452953	2003	RetractionIn
12370398	2002	2002	20304833	2010	RetractionIn
12358731	2002	2002	15935080	2005	RetractionIn
12352599	2002	2002	18767255	2008	RetractionIn
12351788	2002	2002	12970544	2003	RetractionIn
12351674	2002	2002	14739439	2004	RetractionIn
12297011	2002	2002	12476908	2002	RetractionIn
12230798	2002	2002	17181911	2006	RetractionIn
12221164	2002	2002	15699410	2005	RetractionIn
12208654	2002	2002	20839386	2010	RetractionIn
12200953	2002	2002	21540660	2011	RetractionIn
12198783	2002	1999	11848611	2001	RetractionIn
12198542	2002	2002	12610631	2003	RetractionIn
12196476	2002	2002	16936220	2006	RetractionIn
12193301	2002	2002	16487023	2006	RetractionIn
12190834	2002	2002	16232191	2005	RetractionIn
12174481	2002	2002	20535876	2010	RetractionIn
12169113	2002	2002	19250442	2009	RetractionIn
12167854	2002	2002	16572179	2006	RetractionIn
12163343	2002	2002	12622114	2003	RetractionIn
12145071	2002	2002	19299812	2009	RetractionIn
12141316	2002	2002	19153382	2009	PartialRetractionIn
12117884	2002	2002	17171815	2006	RetractionIn
12115185	2002	2002	16948131	2006	RetractionIn
12100113	2002		16363099	2005	RetractionIn
12091196	2002	2002	16929574	2006	RetractionIn
12082178	2002	2002	20534577	2010	RetractionIn
12077412	2002	2002	17690274	2007	PartialRetractionIn
12054760	2002	2002	12589830	2003	RetractionIn
12048910	2002	2002	12664878	2003	RetractionIn
12032625	2002	2002	12555745	2002	RetractionIn
12024037	2002	2002	19474393	2009	RetractionIn
12018858	2002	2002	20446345	2010	RetractionIn
12018841	2002	2002	20446345	2010	RetractionIn
12006295	2002	2002	15043050	2004	RetractionIn
11996351	2002	2002	17315305	2007	RetractionIn
11981149	2002	2002	21378551	2011	RetractionIn
11978815	2002	2002	15201338	2004	RetractionIn
11975760	2002	2002	21391334	2011	RetractionIn
11970950	2002	2002	20617570	2010	RetractionIn
11964387	2002	2002	16819465	2006	RetractionIn
11952142	2002	2002	18788936	2008	RetractionIn
11950966	2002	2002	19797431	2009	RetractionIn
11923844	2002	2002	16964231	2006	RetractionIn
11854211	2002	2002	12894765	2003	RetractionIn
11847107	2002	2002	12411512	2002	RetractionIn
11836639	2002	2002	12389582	2002	RetractionIn
11834606	2002	2002	19338575	2009	RetractionIn
11833624	2002	2001	15143841	2004	RetractionIn
11821158	2002	2002	19160471	2008	RetractionIn
11805921	2002	2002	20117681	2010	RetractionIn
11802188	2002	2001	19086102	2008	RetractionIn
11782260	2002	2001	18759935	2008	RetractionIn
11757442	2001	2001	16967079	2006	RetractionIn
11719801	2001	2001	12621438	2003	RetractionIn
11718967	2001	2001	12365402	2002	RetractionIn
11714847	2001	2001	12380567	2002	RetractionIn
11714798	2001	2001	12538725	2003	RetractionIn
11714793	2001	2001	21289315	2011	RetractionIn
11711437	2001	2001	12269264	2002	RetractionIn
11708844	2001	2001	14703685	2003	RetractionIn
11708015	2001	2001	12008663	2002	RetractionIn
11701891	2001	2001	12416506	2002	RetractionIn
11700549	2001	2001	18322536	2008	RetractionIn
11696542	2002	2002	17939190	2007	PartialRetractionIn
11677603	2001	2001	12621439	2003	RetractionIn
11675329	2001	2001	19264926	2009	RetractionIn
11642338	2001	2001	12498326	2002	RetractionIn
11607027	2001	2001	16572178	2006	RetractionIn
11607026	2001	2001	12621440	2003	RetractionIn
11577230	2001	2001	12730577	2003	RetractionIn
11571675	2001	2001	12211159	2002	RetractionIn
11565755	2001	2001	14561890	2003	PartialRetractionIn
11564576	2001	2001	17457991	2007	RetractionIn
11558215	2001	2001	19004130	2008	RetractionIn
11546864	2001	2001	17185584	2006	RetractionIn
11543891	2001	2001	11600210	2001	RetractionIn
11536383	2001	2001	18814186	2008	RetractionIn
11535776	2001	2001	12119325	2002	RetractionIn
11535583	2001	2001	16498716	2005	RetractionIn
11533443	2001	2001	12416506	2002	RetractionIn
11527656	2001	2001	15793927	2005	RetractionIn
11521156	2001	2001	12416532	2002	RetractionIn
11518677	2001	2001	19797239	2009	RetractionIn
11509576	2001	2001	14712821	2004	RetractionIn
11506111	2001	2001	19218855	2009	RetractionIn
11490022	2001	2001	17056589	2006	RetractionIn
11489795	2001	2001	12231550	2002	RetractionIn
11474113	2001	2001	15653487	2005	RetractionIn
11461904	2001	2001	12243194	2002	RetractionIn
11447192	2001	2001	15784608	2005	RetractionIn
11447161	2001	2001	19767645	2009	RetractionIn
11444867	2001	2001	15540369	2004	RetractionIn
11439362	2001	2001	17136756	2007	RetractionIn
11435477	2001	2001	14517276	2003	RetractionIn
11433760	2001	2001	12380568	2002	RetractionIn
11430323	2001	2001	12482104	2002	RetractionIn
11418471	2001	2001	18056845	2007	PartialRetractionIn
11396861	2001	2001	18759949	2008	RetractionIn
11388449	2001	2001	21187641	2010	RetractionIn
11386380	2001	2001	12143939	2002	RetractionIn
11376558	2001	2001	12038295	2002	RetractionIn
11371116	2001	2001	19108035	2008	RetractionIn
11369364	2001	2001	12589982	2003	RetractionIn
11357854	2001	2001	19415890	2009	RetractionIn
11350463	2001	2001	21540659	2011	RetractionIn
11340679	2001	2001	19911394	2009	RetractionIn
11334691	2001	2001	12380559	2002	RetractionIn
11329338	2001	2001	12557900	2002	RetractionIn
11320386	2001	2001	17079770	2006	RetractionIn
11303094	2001	2001	16614196	2006	RetractionIn
11303093	2001	2001	12416506	2002	RetractionIn
11292876	2001	2001	11887789	2002	RetractionIn
11286195	2001	2001	11411464	2001	RetractionIn
11248046	2001	2001	20534577	2010	RetractionIn
11242074	2001	2001	12621441	2003	RetractionIn
11222596	2001	2001	12867482	2003	RetractionIn
11206594	2001	2000	11874225	2002	RetractionIn
11202499	2001	2000	11934009	2002	RetractionIn
11182366	2001	2001	12809932	2003	RetractionIn
11179289	2001	2001	21177932	2011	RetractionIn
11169971	2001	2001	12080958	2002	RetractionIn
10755190	2000	2000	19891639	2009	RetractionIn
11146662	2001	2000	12833069	2003	RetractionIn
11141566	2001	2001	12526115	2002	RetractionIn
11141555	2001	2001	12425322	2002	RetractionIn
11137385	2001	2001	11395282	2001	RetractionIn
11136976	2001	2000	19203587	2009	RetractionIn
11135621	2001	2001	11385516	2001	RetractionIn
11135609	2001	2001	11436224	2001	RetractionIn
11117735	2000	2000	12621442	2003	RetractionIn
11114493	2001	2000	12233711	2002	RetractionIn
11108151	2001	2000	14575318	2003	RetractionIn
11100731	2000	2000	19340080	2009	RetractionIn
11062124	2000	2000	12416506	2002	RetractionIn
11049912	2000	2000	19299812	2009	RetractionIn
11046336	2003	2000	12698960	2003	RetractionIn
11018061	2000	2000	12569089	2003	RetractionIn
11007230	2000	2000	20445528	2010	RetractionIn
11006278	2001	2000	14982051	2004	RetractionIn
10999902	2000	2000	14596229	2003	RetractionIn
10998614	2000	2000	14667944	2003	RetractionIn
10994059	2000	2000	11956557	2002	RetractionIn
10993934	2000	2000	11602797	2001	RetractionIn
10993888	2001	2000	21584978	2011	RetractionIn
10985251	2000	2000	16204650	2008	RetractionIn
10966782	2000	2000	20355276	2010	RetractionIn
10963589	2003	2000	12621443	2003	RetractionIn
10962043	2000	2000	17441225	2007	RetractionIn
10960144	2000	2000	11530779	2001	RetractionIn
10925314	2000	2000	12097423	2002	RetractionIn
10921877	2000	2000	12110603	2002	RetractionIn
10915623	2000	2000	12775818	2003	RetractionIn
10915617	2002	2000	12416506	2002	RetractionIn
10915159	2000	2000	11883493	2001	RetractionIn
10910852	2000	2000	19299812	2009	RetractionIn
10910269	2000	2000	16926605	2006	RetractionIn
10892746	2000	2000	12202042	2002	RetractionIn
10875912	2002	2000	12416506	2002	RetractionIn
10871211	2000	2000	12071259	2002	RetractionIn
10859202	2000	2000	15824288	2005	RetractionIn
10856744	2000	2000	11486751	2001	RetractionIn
10849424	2000	2000	14610755	2003	RetractionIn
10848550	2000	2000	17846256	2007	RetractionIn
10839591	2000	2000	15166523	2004	RetractionIn
10839528	2000	2000	16554801	2006	RetractionIn
10825206	2000	2000	19474393	2009	RetractionIn
10820203	2000	2000	11012314	2000	RetractionIn
10815922	2000	2000	12473613	2002	RetractionIn
10811848	2000	2000	20830824	2010	RetractionIn
10807577	2000	2000	10970226	2000	RetractionIn
10806476	2000	2000	16508674	2006	RetractionIn
10794503	2000	2000	12408177	2002	RetractionIn
10786832	2000	2000	16329169	2005	RetractionIn
10784445	2002	2000	12416506	2002	RetractionIn
10781579	2000	2000	17939191	2007	RetractionIn
10754111	2000	2000	11707783	2001	RetractionIn
10733203	2000	1999	18759949	2008	RetractionIn
10722567	2000	2000	21177931	2011	RetractionIn
10720165	2000	2000	10958843	2000	RetractionIn
10717780	2000	1999	15504385	2004	RetractionIn
10705099	2000	2000	16799408	2006	RetractionIn
10700237	2000	2000	12949529	2003	RetractionIn
10698946	2000	2000	12134869	2001	RetractionIn
10698743	2000	2000	17170272	2006	RetractionIn
10696980	2000	2000	11073015	2000	RetractionIn
10688189	2000	2000	12024219	2002	RetractionIn
10669410	2002	2000	12416506	2002	RetractionIn
10667788	2003	2000	12621444	2003	RetractionIn
10666572	2000	1999	20124703	2010	RetractionIn
10660827	2000	2000	11560169	2001	RetractionIn
10642299	2000	2000	12364364	2002	RetractionIn
10642298	2000	2000	12364364	2002	RetractionIn
10626898	2000	1999	19378495	2009	RetractionIn
10618412	2000	2000	11331781	2001	RetractionIn
10609942	2000	1999	18698255	2008	RetractionIn
10607850	2000		10979725	2000	RetractionIn
10590051	2000	1999	11873810	2001	RetractionIn
21077410	2010	1999	20567194	2010	RetractionIn
10570160	2000	1999	10836971	2000	RetractionIn
10559146	1999	1999	14715533	2004	RetractionIn
10548483	1999	1999	16222765	2005	RetractionIn
10536305	1999	1999	18492064	2008	RetractionIn
10531671	1999	1999	11838503	2001	RetractionIn
10518710	1999	1999	11682139	2001	RetractionIn
10514006	1999	1999	19382300	2009	RetractionIn
10500217	1999	1999	11758493	2001	RetractionIn
10490643	2000	1999	17135280	2006	PartialRetractionIn
10463949	1999	1999	21357251	2011	RetractionIn
10459577	1999	1999	18492063	2008	RetractionIn
10459014	1999	1999	15824138	2005	RetractionIn
10453744	1999	1999	10576992	1999	RetractionIn
10453151	1999	1999	11023382	1999	RetractionIn
10449788	1999	1999	19666547	2009	PartialRetractionIn
10440390	1999	1999	18698256	2008	RetractionIn
10439558	1999	1999	12025810	2000	RetractionIn
10411496	1999	1999	10877693	2000	RetractionIn
10410304	1999	1999	10671087	1999	RetractionIn
10393310	1999	1999	20124703	2010	RetractionIn
10390935	1999	1999	12025810	2000	RetractionIn
10382079	1999	1999	15504385	2004	RetractionIn
10375727	1999	1998	11439911	2000	RetractionIn
10375646	1999	1999	12591152	2003	RetractionIn
10357331	1999	1999	19299812	2009	RetractionIn
10340474	1999	1999	11911469	2002	RetractionIn
10335847	1999	1999	12610632	2003	RetractionIn
10318977	1999	1999	10836972	2000	RetractionIn
10231134	1999	1999	10400539	1999	RetractionIn
10197686	1999	1999	10735732	2000	RetractionIn
10195272	1999	1999	12025810	2000	RetractionIn
10195271	1999	1999	12025810	2000	RetractionIn
10095981	1999	1998	15504385	2004	RetractionIn
10095980	1999	1998	15504385	2004	RetractionIn
10095979	1999	1998	15504385	2004	RetractionIn
10095978	1999	1998	15504385	2004	RetractionIn
10095977	1999	1998	15504385	2004	RetractionIn
10077615	1999	1999	15696628	2005	RetractionIn
10066780	1999	1999	11905463	2001	RetractionIn
10066663	1999	1999	18391189	2008	RetractionIn
10047653	1999	1999	10766577	2000	RetractionIn
10026173	1999	1999	19960604	2009	RetractionIn
9987036	1999	1999	10383651	1999	RetractionIn
9931130	1999	1999	14718349	2004	RetractionIn
9888845	1999	1999	12004901	2002	RetractionIn
9879861	1999	1998	18759949	2008	RetractionIn
20486884	2010	1999	20486885	2003	RetractionIn
9822040	1998	1998	10454943	1999	RetractionIn
9810412	1998	1998	16897901	2005	RetractionIn
9807069	1998	1998	10438282	1999	RetractionIn
9801549	1998	1998	20590961	2010	RetractionIn
9780201	1998	1998	17056588	2006	RetractionIn
9770555	1998	1998	12110745	2002	RetractionIn
9767009	1998	1997	9767010	1998	RetractionIn
9744272	1998	1998	15152258	2004	RetractionIn
9736380	1998	1998	16018769	2005	RetractionIn
9729529	1998	1998	11185541	2000	RetractionIn
9710385	1998	1998	9856701	1998	RetractionIn
9703501	1998	1998	12805518	2003	RetractionIn
9692323	1998		14679960	2003	RetractionIn
9685252	1998	1998	10206907	1999	RetractionIn
9675613	1998	1998	19568922	2009	RetractionIn
9660756	1998	1998	10375303	1999	RetractionIn
9655725	1998	1998	10988082	2000	RetractionIn
9637246	1998	1998	12607554	2003	RetractionIn
9593639	1998	1998	10712076	1999	RetractionIn
9612105	1998		9696683	1998	RetractionIn
9603161	1998	1998	18360278	2008	RetractionIn
9601702	1998	1998	9705625	1998	RetractionIn
9475806	1998	1998	17589983	2007	RetractionIn
9578923	1998		19178811	2008	RetractionIn
9564108	1998	1998	16764630	2006	RetractionIn
9546637	1998	1998	11201952	2000	RetractionIn
9544783	1998	1998	19067750	2009	RetractionIn
9482945	1998	1998	16790551	2006	RetractionIn
9482944	1998	1998	15517657	2004	RetractionIn
9533776	1998	1998	10336342	1999	RetractionIn
9485373	1998	1998	17929839	2007	RetractionIn
9510328	1998	1998	10375260	1999	RetractionIn
9500320	1998	1998	20137807	2010	RetractionIn
9492007	1998	1998	19378493	2009	RetractionIn
9469192	1998	1998	9729132	1998	RetractionIn
9449732	1998	1998	9917215	1999	RetractionIn
9439634	1998	1998	16222764	2005	RetractionIn
9429186	1998		15368646	1997	RetractionIn
9426374	1998	1997	9660638	1998	RetractionIn
9421334	1998	1997	11885593	1999	RetractionIn
9414164	1998		9845078	1998	RetractionIn
9390688	1997	1997	10576912	1999	RetractionIn
9371493	1997	1997	10366278	1999	RetractionIn
9368808	1997	1997	9696633	1998	RetractionIn
9354333	1997	1997	9615991	1998	RetractionIn
9314560	1997	1997	19364884	2009	RetractionIn
9312044	1997	1997	10400497	1999	RetractionIn
9300696	1997	1997	10991640	1999	RetractionIn
9294183	1997	1997	12465610	1998	RetractionIn
9287224	1997	1997	9508700	1998	RetractionIn
9288788	1997	1997	12852405	2003	RetractionIn
9278265	1997	1997	11201952	2000	RetractionIn
9201967	1997	1997	10094517	1999	RetractionIn
9199447	1997	1997	14506794	1998	RetractionIn
9163418	1997	1997	11734844	2001	RetractionIn
9160663	1997	1997	16754774	2006	RetractionIn
9103197	1997	1997	9229764	1997	RetractionIn
9155037	1997	1997	10400498	1999	RetractionIn
9134381	1997	1997	15860048	2005	RetractionIn
9130629	1997	1997	9925444	1998	RetractionIn
9113601	1997	1997	16832233	2006	RetractionIn
9097935	1997	1997	9634359	1998	RetractionIn
9096355	1997	1997	17179216	2006	PartialRetractionIn
9066475	1997	1997	9490125	1998	RetractionIn
9057630	1997	1997	9376566	1997	RetractionIn
9020084	1997	1997	15961651	2005	RetractionIn
9179620	1997	1997	19575288	2009	RetractionIn
9098916	1997	1997	10075549	1998	RetractionIn
9032197	1997	1997	10988083	2000	RetractionIn
9005322	1997	1997	10366318	1999	RetractionIn
9328234	1997	1997	10681222	2000	RetractionIn
8993251	1997	1997	9230038	1997	RetractionIn
8989457	1997	1996	10722401	2000	RetractionIn
8980233	1997	1996	9867425	1998	RetractionIn
8939868	1997	1996	10438297	1999	RetractionIn
8943059	1997	1996	9411448	1997	RetractionIn
8910608	1997	1996	20954303	2010	RetractionIn
8909298	1996	1996	9546808	1997	RetractionIn
8885844	1996	1996	9546810	1997	RetractionIn
8863847	1996	1996	9499167	1998	RetractionIn
8808628	1996	1996	9340197	1997	RetractionIn
8790436	1996	1996	10328728	1999	RetractionIn
8700981	1996	1996	9105392	1997	RetractionIn
8759671	1996	1996	9517679	1998	RetractionIn
8759101	1996	1996	9687227	1998	RetractionIn
8662527	1996	1996	10383305	1999	RetractionIn
8692921	1996	1996	9556431	1997	RetractionIn
8674042	1996	1996	10366278	1999	RetractionIn
8633243	1996	1996	9254413	1997	RetractionIn
8811338	1997	1996	10068298	1998	RetractionIn
8662462	2001	1996	11398818	2001	RetractionIn
8639531	1996	1996	9546809	1997	RetractionIn
8610863	1996	1996	19299812	2009	RetractionIn
8614463	1996	1996	9363899	1997	RetractionIn
8630409	1996	1996	11012249	1999	RetractionIn
8868234	1996	1996	9643967	1998	RetractionIn
8793576	1996	1996	19419781	2010	RetractionIn
8627713	1996	1996	9766975	1998	RetractionIn
8607588	1996	1996	8985082	1997	RetractionIn
8626756	1996	1996	10419350	1999	RetractionIn
8568273	1996	1996	10991641	1999	RetractionIn
8929896	1997	1996	9280753	1997	RetractionIn
8647493	1996	1996	9867474	1998	RetractionIn
8934696	1996	1996	8999116	1996	RetractionIn
8655018	1996	1996	9867474	1998	RetractionIn
7500753	1996	1995	9660680	1998	RetractionIn
8557825	1996	1995	9026503	1997	RetractionIn
7574222	1995	1995	14568863	2003	RetractionIn
7491120	1996	1995	17171811	2006	RetractionIn
7570019	1995	1995	9340748	1997	RetractionIn
7566165	1995	1995	9687260	1998	RetractionIn
7475576	1995	1995	8691968	1996	RetractionIn
7559549	1995	1995	10215452	1999	RetractionIn
7595697	1995	1995	11387377	2001	RetractionIn
7545471	1995	1995	8704228	1996	RetractionIn
7651416	1995	1995	9333713	1996	RetractionIn
7640099	1995	1995	10627117	1999	RetractionIn
7541111	1995	1995	11439953	2001	RetractionIn
7636550	1995	1995	20827817	2010	RetractionIn
7543632	1995	1995	9606113	1998	RetractionIn
7788870	1995	1995	14715534	2004	RetractionIn
7595293	1995	1995	8522924	1995	RetractionIn
7789530	1995	1995	9556373	1998	RetractionIn
8522241	1996	1995	9867474	1998	RetractionIn
7760839	1995	1995	9380040	1997	RetractionIn
7538698	1995	1995	9297234	1997	RetractionIn
7626146	1995	1995	7626084	1995	RetractionIn
7728076	1995	1995	7663236	1995	RetractionIn
7607682	1995	1995	9064279	1996	RetractionIn
8529935	1996	1995	10026024	1998	RetractionIn
7898846	1995	1995	7566837	1995	RetractionIn
7718247	1995	1995	9652915	1998	RetractionIn
7699537	1995	1995	7636677	1995	RetractionIn
7708759	1995	1995	9122270	1997	RetractionIn
7708684	1995	1995	9786782	1998	RetractionIn
7702575	1995	1995	9841640	1998	RetractionIn
7892201	1995	1995	9340650	1996	RetractionIn
8591811	1996		9867463	1997	RetractionIn
7706332	1995	1995	9378749	1997	RetractionIn
7627633	1995	1995	9410477	1997	RetractionIn
7530764	1995	1995	9244806	1997	RetractionIn
9372131	1997	1995	9410582	1996	RetractionIn
7526152	1994	1994	8622673	1996	RetractionIn
7955120	1994	1994	7767995	1995	RetractionIn
7957043	1994	1994	10400497	1999	RetractionIn
7925305	1994	1994	9280722	1997	RetractionIn
7923908	1994	1994	9657917	1998	RetractionIn
7521696	1994	1994	11012249	1999	RetractionIn
8047164	1994	1994	8524415	1995	RetractionIn
7947511	1994	1994	9063864	1995	RetractionIn
7947503	1994	1994	9063864	1995	RetractionIn
8043275	1994	1994	9687165	1998	RetractionIn
8021227	1994	1994	9147965	1997	RetractionIn
7928848	1994	1994	16020449	2005	RetractionIn
7911078	1994	1994	9657917	1998	RetractionIn
7517181	1994	1994	9063864	1995	RetractionIn
7517180	1994	1994	9063864	1995	RetractionIn
8197188	1994	1994	12465612	1998	RetractionIn
8171334	1994	1994	9340748	1997	RetractionIn
8207722	1994	1994	9303950	1997	RetractionIn
8179311	1994	1994	7771803	1995	RetractionIn
8142647	1994	1994	11012249	1999	RetractionIn
7914452	1994	1994	7550304	1995	RetractionIn
7511208	1994	1994	7799969	1995	RetractionIn
8152926	1994	1994	7800511	1994	RetractionIn
8134396	1994	1994	9786782	1998	RetractionIn
7941560	1994	1994	9669965	1998	RetractionIn
7510271	1994	1994	8045705	1994	RetractionIn
8300222	1994	1994	7642321	1995	RetractionIn
7975636	1994	1994	9669965	1998	RetractionIn
7905117	1994	1994	8643009	1996	RetractionIn
8007827	1994	1994	9678986	1998	RetractionIn
7986312	1995	1994	7673861	1995	RetractionIn
7880620	1995	1994	9840962	1998	RetractionIn
7504695	1994	1993	14561712	2003	RetractionIn
11542874	1997	1993	11712587	2000	RetractionIn
8376821	1993	1993	7594697	1995	RetractionIn
8219868	1993	1993	20463268	2010	RetractionIn
8393056	1993	1993	9634358	1998	RetractionIn
8339817	1993	1993	8557149	1996	RetractionIn
7687746	1993	1993	8065370	1994	RetractionIn
8335904	1993	1993	9044900	1997	RetractionIn
8386388	1993	1993	8693077	1996	RetractionIn
8096625	1993	1993	8614472	1996	RetractionIn
8249398	1994	1993	9669965	1998	RetractionIn
7680491	1993	1993	8160005	1994	RetractionIn
8435649	1993	1993	9652920	1998	RetractionIn
8418058	1993	1993	8168987	1994	RetractionIn
8344721	1993	1993	10702025	2000	RetractionIn
8249383	1994		9669965	1998	RetractionIn
8249380	1994		9669965	1998	RetractionIn
8213314	1993	1993	8017228	1994	RetractionIn
1281519	1993		8152468	1994	RetractionIn
1366018	1993	1992	7880842	1995	RetractionIn
1474590	1993	1992	7666428	1995	RetractionIn
1493543	1993	1992	8369970	1993	RetractionIn
1455228	1993	1992	10383305	1999	RetractionIn
1421375	1992	1992	11012249	1999	RetractionIn
1400454	1992	1992	8354669	1993	RetractionIn
1397285	1992	1992	8143840	1994	RetractionIn
1343090	1993	1992	8289074	1993	RetractionIn
1341533	1994	1992	11440025	2001	RetractionIn
1518830	1992	1992	9019781	1997	RetractionIn
1518423	1992	1992	16208844	2005	RetractionIn
1381241	1992	1992	11012249	1999	RetractionIn
1339389	1992	1992	7896284	1994	RetractionIn
1324627	1992	1992	1471778	1992	RetractionIn
1569576	1992	1992	9190378	1997	RetractionIn
1588795	1992	1992	8207972	1994	RetractionIn
1551544	1992	1992	8039642	1994	RetractionIn
1536949	1992	1992	11012249	1999	RetractionIn
1310062	1992	1992	11012249	1999	RetractionIn
1727479	1992	1992	8411398	1993	RetractionIn
1603334	1992	1992	8008220	1994	RetractionIn
1490124	1993	1992	9750055	1997	RetractionIn
1468483	1993	1992	8508892	1993	RetractionIn
1463587	1993	1992	8373552	1993	RetractionIn
1348070	1992	1992	19353753	2009	RetractionIn
1302352	1993	1992	9480457	1997	RetractionIn
1793460	1992	1991	1538775	1992	RetractionIn
1660466	1992	1991	1478933	1992	RetractionIn
1935905	1991	1991	1396574	1992	RetractionIn
1752960	1992	1991	16695966	1993	RetractionIn
1939140	1991	1991	8354669	1993	RetractionIn
1824564	1992		1527778	1992	RetractionIn
1779199	1992	1991	1560215	1992	RetractionIn
1655662	1991	1991	1563839	1992	RetractionIn
1912585	1991	1991	11012249	1999	RetractionIn
1655255	1991	1991	1617655	1992	RetractionIn
1742073	1992	1991	1457188	1992	RetractionIn
1654331	1991	1991	1460058	1992	RetractionIn
1876370	1991	1991	1923217	1991	RetractionIn
1678482	1991	1991	1349988	1992	RetractionIn
1912750	1991	1991	11487416	2001	RetractionIn
2037350	1991	1991	8406848	1993	RetractionIn
2033668	1991	1991	1895410	1991	RetractionIn
1669382	1994	1991	11440025	2001	RetractionIn
1648830	1991	1991	8540114	1995	RetractionIn
1709882	1991	1991	9687233	1998	RetractionIn
2004418	1991	1991	1591774	1992	RetractionIn
1848710	1991	1991	8234308	1993	RetractionIn
2009973	1991	1991	9687235	1998	RetractionIn
2005877	1991	1991	8371721	1993	RetractionIn
1998509	1991	1991	9230040	1997	RetractionIn
1676522	1991	1991	8920253	1996	RetractionIn
1996082	1991	1991	17213995	2007	RetractionIn
2040823	1991	1991	1960483	1991	RetractionIn
2040822	1991	1991	1960483	1991	RetractionIn
1821625	1991	1991	1628701	1992	RetractionIn
2124237	1991	1990	1541834	1992	RetractionIn
1977932	1990	1990	1861290	1991	RetractionIn
2176153	1991	1990	8013471	1994	RetractionIn
2174558	1991	1990	10798958	2000	RetractionIn
2101137	1991	1990	1291765	1992	RetractionIn
1979954	1991	1990	11284436	2001	RetractionIn
1707631	1991	1990	1930642	1991	RetractionIn
1701215	1991	1990	8371720	1993	RetractionIn
2253615	1991	1990	1915353	1991	RetractionIn
2178033	1991	1990	9247058	1997	RetractionIn
2214028	1990	1990	1942261	1991	RetractionIn
1975894	1990	1990	1354831	1992	RetractionIn
2258211	1991	1990	8354538	1993	RetractionIn
2145649	1990	1990	1801275	1991	RetractionIn
2226778	1990	1990	9687235	1998	RetractionIn
2265954	1991	1990	8169062	1993	RetractionIn
2202594	1990	1990	1547782	1992	RetractionIn
1967127	1990	1990	8113963	1994	RetractionIn
1696395	1990	1990	2024115	1991	RetractionIn
2143016	1990	1990	2235528	1990	RetractionIn
2140957	1990	1990	1516129	1992	RetractionIn
2161500	1990	1990	1448156	1992	RetractionIn
2163836	1990	1990	8444162	1993	RetractionIn
2351298	1990	1990	11284436	2001	RetractionIn
2329615	1990	1990	1512856	1992	RetractionIn
2335239	1990	1990	9687234	1998	RetractionIn
2326635	1990	1990	2218505	1990	RetractionIn
2242108	1990	1990	2216617	1990	RetractionIn
2135381	1990	1990	1565437	1992	RetractionIn
2137012	1990	1990	8286407	1994	RetractionIn
2303032	1990	1990	1915308	1991	RetractionIn
1689484	1990	1990	1876607	1991	RetractionIn
2105793	1990	1990	7627038	1995	RetractionIn
2287751	1991	1990	9625650	1997	RetractionIn
2190194	1990	1990	2201959	1990	RetractionIn
2089274	1991	1990	8008220	1994	RetractionIn
1967819	1990	1990	8371721	1993	RetractionIn
2689396	1990	1989	7790283	1995	RetractionIn
2555431	1990	1989	2201746	1990	RetractionIn
2555243	1990	1989	1936614	1991	RetractionIn
2681489	1989	1989	1856602	1991	RetractionIn
2684782	1990	1989	2227448	1990	RetractionIn
2478292	1989	1989	1988145	1991	RetractionIn
2802218	1989	1989	8239002	1993	RetractionIn
2769271	1989	1989	8289058	1993	RetractionIn
2684636	1990	1989	2203648	1990	RetractionIn
2682635	1989	1989	2204924	1990	RetractionIn
2479012	1989	1989	1502206	1992	RetractionIn
2788173	1989	1989	14561712	2003	RetractionIn
2544648	1989	1989	2108217	1990	RetractionIn
2665742	1989	1989	1953717	1991	RetractionIn
2664779	1989	1989	2406725	1990	RetractionIn
2566780	1989	1989	2574815	1989	RetractionIn
2474759	1989	1989	8927055	1996	RetractionIn
2714889	1989	1989	10336343	1999	RetractionIn
2502220	1989	1989	2504378	1989	RetractionIn
2657710	1989	1989	2267234	1990	RetractionIn
2520534	1989	1989	2134884	1990	RetractionIn
2467922	1989	1989	14561712	2003	RetractionIn
2563804	1989	1989	2574815	1989	RetractionIn
2683385	1989	1989	11256354	2000	RetractionIn
2737192	1989	1989	2292250	1990	RetractionIn
2553601	1989	1989	10498826	1999	RetractionIn
2536048	1989	1989	1737860	1992	RetractionIn
3058479	1989	1988	2180696	1990	RetractionIn
3263937	1989	1988	1916769	1991	RetractionIn
3247743	1989	1988	9669965	1998	RetractionIn
3047873	1988	1988	2643156	1989	RetractionIn
3246358	1989	1988	10905876	1999	RetractionIn
3073307	1989		2255298	1990	RetractionIn
2460496	1988	1988	2663915	1989	RetractionIn
2452833	1988	1988	14561712	2003	RetractionIn
2832066	1988	1988	2199061	1990	RetractionIn
3340220	1988	1988	9053766	1997	RetractionIn
3068477	1989	1988	3073294	1988	RetractionIn
3066912	1989	1988	2695651	1989	RetractionIn
3043903	1988	1988	9669965	1998	RetractionIn
3321064	1988	1987	2672002	1989	RetractionIn
2441265	1987		1461278	1992	RetractionIn
3622601	1987	1987	8223883	1993	RetractionIn
3554260	1987	1987	2181455	1990	RetractionIn
3473468	1987	1987	8016147	1994	RetractionIn
2437580	1987	1987	8234308	1993	RetractionIn
3822131	1987	1987	8927237	1996	RetractionIn
3554186	1987	1987	3050911	1988	RetractionIn
2433688	1987	1987	3309945	1987	RetractionIn
3819650	1987	1987	1364942	1990	RetractionIn
3481042	1988	1987	9717532	1998	RetractionIn
3320672	1988	1987	3073294	1988	RetractionIn
3526270	1986	1986	3313259	1987	RetractionIn
3524257	1986	1986	2645791	1989	RetractionIn
3519831	1986	1986	3553413	1987	RetractionIn
3458173	1986	1986	8234308	1993	RetractionIn
3084104	1986	1986	2032282	1991	RetractionIn
2935936	1986	1986	3535071	1986	RetractionIn
2936315	1986	1986	2665689	1989	RetractionIn
3511090	1986	1986	2656759	1989	RetractionIn
2416588	1986	1985	2189745	1990	RetractionIn
2997609	1985	1985	1944427	1991	RetractionIn
4092997	1986	1985	9867474	1998	RetractionIn
3160783	1985	1985	3309051	1987	RetractionIn
3887416	1985	1985	3303034	1987	RetractionIn
3886293	1985	1985	3545676	1987	RetractionIn
3157734	1985	1985	3905919	1985	RetractionIn
3883412	1985	1985	3330619	1986	RetractionIn
3881789	1985	1985	3330619	1986	RetractionIn
3155760	1985	1985	3905919	1985	RetractionIn
2579626	1985	1985	2679503	1989	RetractionIn
6392156	1985		3514538	1986	RetractionIn
6385104	1984	1984	3330619	1986	RetractionIn
6149691	1984	1984	3524269	1986	RetractionIn
6594315	1985	1984	2054096	1991	RetractionIn
6382990	1984	1984	3513502	1986	RetractionIn
6379743	1984	1984	3330619	1986	RetractionIn
6380255	1984	1984	3513502	1986	RetractionIn
6371098	1984	1984	3549839	1987	RetractionIn
6385175	1984		3912878	1985	RetractionIn
6231383	1984	1984	7932905	1994	RetractionIn
6365971	1984	1984	3914487	1985	RetractionIn
6375866	1984	1984	3105885	1987	RetractionIn
6361100	1984	1984	3549839	1987	RetractionIn
6417790	1984	1983	2655085	1989	RetractionIn
6416748	1984	1983	3545676	1987	RetractionIn
6363100	1984	1983	3886405	1985	RetractionIn
10317408	1984		10299629	1984	RetractionIn
6351603	1983	1983	6393757	1984	RetractionIn
6349935	1983	1983	3545676	1987	RetractionIn
6192441	1983	1983	6371812	1984	RetractionIn
6405790	1983	1983	9101733	1997	RetractionIn
6341859	1983		6400697	1983	RetractionIn
6345451	1983		3514538	1986	RetractionIn
6338856	1983	1983	3289525	1988	RetractionIn
6337398	1983	1983	6340200	1983	RetractionIn
6401372	1983	1983	3513502	1986	RetractionIn
6753612	1982	1982	2653058	1989	RetractionIn
6182304	1982	1982	7932905	1994	RetractionIn
6810463	1982	1982	2655085	1989	RetractionIn
7037714	1982	1982	3902780	1985	RetractionIn
6897379	1983		6101121	1984	RetractionIn
6152872	1988	1982	3329345	1987	RetractionIn
7031671	1982	1981	6765471	1982	RetractionIn
7031659	1982	1981	3887413	1985	RetractionIn
7337715	1982	1981	16267883	2005	RetractionIn
7282552	1981	1981	7124650	1982	RetractionIn
7023740	1981	1981	6357534	1983	RetractionIn
6270222	1981	1981	6384395	1984	RetractionIn
6264596	1981	1981	6765631	1981	RetractionIn
7019244	1981	1981	6765636	1982	RetractionIn
6171369	1982	1981	3882286	1985	RetractionIn
7212082	1981	1981	6101122	1983	RetractionIn
6782124	1981	1981	6400360	1984	RetractionIn
7007439	1981	1981	3914486	1985	RetractionIn
6257420	1981	1981	3899403	1985	RetractionIn
7003386	1981	1981	6341848	1983	RetractionIn
7002363	1981	1981	6751590	1982	RetractionIn
6765635	1989	1981	3079527	1988	RetractionIn
7435390	1981	1980	7124650	1982	RetractionIn
6999032	1980	1980	6400360	1984	RetractionIn
6998272	1980	1980	6400542	1983	RetractionIn
6998271	1980	1980	6400477	1983	RetractionIn
6254434	1981	1980	7023353	1981	RetractionIn
6992676	1980	1980	6349461	1983	RetractionIn
7406867	1980	1980	16047404	2005	RetractionIn
6987255	1980	1980	6106651	1980	RetractionIn
6444674	1980	1980	7932905	1994	RetractionIn
6986303	1980	1980	7002681	1980	RetractionIn
6243667	1980	1980	6106651	1980	RetractionIn
6985768	1980	1980	6765470	1980	RetractionIn
160560	1980	1979	3883350	1985	RetractionIn
376552	1979	1979	7002682	1980	RetractionIn
221532	1979	1979	3914485	1985	RetractionIn
370596	1979	1979	6341849	1983	RetractionIn
396398	1980	1979	6765630	1980	RetractionIn
367632	1979	1979		1984	RetractionIn
217854	1979	1979	3902780	1985	RetractionIn
363007	1979	1978	6349461	1983	RetractionIn
360062	1978	1978	6999347	1980	RetractionIn
213200	1979	1978	3899403	1985	RetractionIn
400712	1983	1978	6106651	1980	RetractionIn
350903	1978	1978	7002682	1980	RetractionIn
307018	1978	1978	8089505	1994	RetractionIn
205799	1978	1978	7002682	1980	RetractionIn
205552	1978	1978	7002682	1980	RetractionIn
326810	1977	1977	7002682	1980	RetractionIn
183981	1976	1976	400964	1977	RetractionIn
785270	1976	1976	400964	1977	RetractionIn
778343	1976	1976	400955	1977	RetractionIn
178540	1976	1975	400964	1977	RetractionIn
166323	1975	1975	400964	1977	RetractionIn
173287	1976	1975	195582	1977	RetractionIn
993	1976	1975	195582	1977	RetractionIn
239707	1975	1975	195582	1977	RetractionIn
4620957	1989	1973	195582	1977	RetractionIn
21341971	2011	2011	21526888	2011	RetractionIn
20464617	2010	2010	21538125	2011	RetractionIn
20414968	2010	2010	20931702	2010	RetractionIn
